LOCATION,NAME,FACILITY_TYPE,WEBLINK,FACILITY_SUBTYPE,FACILITYID,LONGITUDE,LATITUDE
 13313 68 Ave,Unwin Park Water Park,Water Park,http://www.surrey.ca/culture-recreation/15217.aspx,,1001440931,-122.8540039649268,49.12716325956224
 15802 80 Ave,Fleetwood Park Water Park,Water Park,http://www.surrey.ca/culture-recreation/2113.aspx,,1001440946,-122.78286503559524,49.14785682700704
 15920 110 Ave,Erma Stephenson Park Water Park,Water Park,http://www.surrey.ca/culture-recreation/2149.aspx,,1001440929,-122.78105689740502,49.201938101789295
 11475 126A St,Bridgeview Park Water Park,Water Park,http://www.surrey.ca/culture-recreation/2085.aspx,,1001440938,-122.8713392475807,49.210128162627335
 6330 168 St,Cloverdale Athletic Park Water Park,Water Park,http://www.surrey.ca/culture-recreation/15217.aspx,,1001440952,-122.75328521486986,49.11582251296309
 5850 146 St,Goldstone Park Water Park,Water Park,,,1001441046,-122.81708016848978,49.10858378921026
 7080 190 St,Hazelgrove Park Water Park,Water Park,,,1001799743,-122.69568445912046,49.13192685722102
 1925 148 St, Water Park,Water Park,,,1001908344,-122.81641895822146,49.04055722205778
 7395 128 St,Newton Athletic Park Water Park,Water Park,,,1001883987,-122.87007974862804,49.13570677543141
 10503 144 St,Hawthorne Park Water Park,Water Park,http://www.surrey.ca/culture-recreation/15217.aspx,,1001440945,-122.82463436258125,49.19337320926814
 13750 88 Ave,Bear Creek Park Water Park,Water Park,,,1001440948,-122.8404389930572,49.16029514666066
 5381 125A St,Joe Brown Park - Off-Leash-Area Large Dogs,Dog Off-Leash,,,1002325421,-122.88374453249138,49.10078363986427
 5381 125A St,Joe Brown Park - Off-Leash-Area Small Dogs,Dog Off-Leash,,,1002325420,-122.88429583362819,49.10032222512695
 3136 McBride Ave,Blackie Spit Dog Off-Leash Swimming Beach,Dog Off-Leash,http://www.surrey.ca/culture-recreation/2201.aspx,,1001754713,-122.87992600089932,49.060239949804675
 10635 140 St,Forsyth Park Dog-Off-Leash Area,Dog Off-Leash,,,1001953443,-122.83494376342526,49.19586747422995
 10761 Dyke Rd,Tannery Dog-Off-Leash Area,Dog Off-Leash,http://www.surrey.ca/culture-recreation/2092.aspx,,1001716829,-122.8994991175117,49.19859264422309
 12863 60 Ave,Panorama Dog-Off-Leash Area,Dog Off-Leash,,,1001752851,-122.86487712397069,49.11225864527375
 15452 84 Ave,Freedom Dog-Off-Leash Area,Dog Off-Leash,http://www.surrey.ca/culture-recreation/2109.aspx,,1001781255,-122.79392328215549,49.15461473345722
 13485 20 Ave,Dogwood Dog-Off-Leash Area,Dog Off-Leash,http://www.surrey.ca/culture-recreation/2184.aspx,,1001716840,-122.84863211389315,49.040202540384826
 9058 Holt Rd,Kennedy Dog-Off-Leash Area,Dog Off-Leash,http://www.surrey.ca/culture-recreation/2078.aspx,,1001754712,-122.88489259585859,49.167404965158696
 7011 188 St,Clayton Dog-Off-Leash Area,Dog Off-Leash,http://www.surrey.ca/culture-recreation/7065.aspx,,1001757586,-122.70311603412884,49.13033893298804
 10503 144 St,Hawthorne Park Dog-Off-Leash Area,Dog Off-Leash,,,1002195843,-122.82665383135424,49.19748649973687
,Tynehead Dog-Off-Leash Area,Dog Off-Leash,http://www.surrey.ca/culture-recreation/2135.aspx,,1001757587,-122.75911135354279,49.18213312071819
 13750 - 88 Ave,Bear Creek Park Off-Leash Area,Dog Off-Leash,,,1002212867,-122.84508206709906,49.160116937998474
 15999 28 Ave,Wills Brook Dog-Off Leash Area,Dog Off-Leash,,,1001936551,-122.77972191586132,49.05553053710111
 3136 McBride Ave,Blackie Spit Dog-Off-Leash Area,Dog Off-Leash,http://www.surrey.ca/culture-recreation/2201.aspx,,1001716832,-122.88024793256645,49.058139602529685
 11210 159A St,Fraser View Dog-Off-Leash Area,Dog Off-Leash,,,1002270590,-122.77683325080616,49.20669431878591
 13591 Crestview Dr,Bolivar Dog-Off-Leash Area,Dog Off-Leash,,,1001971400,-122.847464826835,49.210880348271694
,Serpentine Dog-Off-Leash Area,Dog Off-Leash,http://www.surrey.ca/culture-recreation/2069.aspx,,1001716912,-122.87351479556618,49.142065802421335
 14900 35 Ave,,Dog Off-Leash,,,1002321475,-122.8074733749149,49.06426805330229
16126 93A AVE,Serpentine Heights Elementary School,School,https://www.surreyschools.ca/schools/serpentineheights/Pages/default.aspx,Elementary,1001282866,-122.77544797699417,49.17259997694293
19233 60 AVE,Latimer Road Elementary School,School,https://www.surreyschools.ca/schools/latimerroad/Pages/default.aspx,Elementary,1001283054,-122.68996915781405,49.11200140867659
7079 148 ST,T.E. Scott Elementary School,School,https://www.surreyschools.ca/schools/tescott/Pages/default.aspx,Elementary,1001262103,-122.81275735831984,49.13137619937878
13266 70B AVE,W.E. Kinvig Elementary School,School,https://www.surreyschools.ca/schools/wekinvig/Pages/default.aspx,Elementary,1001269418,-122.85451679203504,49.13052944867351
,Hampton Inn & Suites by Hilton,Hotel,http://hamptoninn3.hilton.com/en/hotels/british-columbia/hampton-inn-and-suites-by-hilton-langley-surrey-YNJBCHX/index.html,,1001268526,-122.68246396483316,49.10792182989948
10441 132 ST,Kwantlen Park Secondary School,School,https://www.surreyschools.ca/schools/kwantlenpark/Pages/default.aspx,Secondary,1001274245,-122.85784167659082,49.19258303681268
14245 56 AVE,RCMP Main Reception,RCMP,http://www.surrey.ca,,1001222961,-122.8280917772126,49.10578826193338
6225 136 ST,Traditional Learning Academy Homeschool Centre,School,http://schoolathome.ca/,Private,1001254142,-122.84583075178844,49.11599009564713
10135 132 ST,Old Yale Road Elementary School,School,https://www.surreyschools.ca/schools/oldyaleroad/Pages/default.aspx,Elementary,1001251851,-122.85759018030983,49.18685621662749
10183 152A ST,Guildford Learning Centre,School,https://www.surreyschools.ca/schools/guildfordlearningcentre/Pages/default.aspx,Administration,1002194587,-122.79982918087217,49.18747825870567
13455 90 AVE,Cindrich Elementary School,School,https://www.surreyschools.ca/schools/cindrich/Pages/default.aspx,Elementary,1001272079,-122.85048060192575,49.16708524993914
5228 KING GEORGE BLVD,Birdies & Buckets Family Golf Centre,Golf,http://www.birdiesandbuckets.ca/,,1001261244,-122.81637709855386,49.09831893535629
13723 CRESCENT RD,Mud Bay Yacht Club,Other Recreation,http://www.cbcyachtclubs.ca/members.htm,,1001275344,-122.84260095683995,49.06553356566806
12928 66A AVE,Martha Jane Norris Elementary School,School,https://www.surreyschools.ca/schools/marthajanenorris/Pages/default.aspx,Elementary,1001253057,-122.86495168879047,49.12343164351135
14525 110A AVE,Ellendale Elementary School,School,https://www.surreyschools.ca/schools/ellendale/Pages/default.aspx,Elementary,1001254227,-122.819799093427,49.203586488805165
13484 24 AVE,Elgin Park Secondary School,School,https://www.surreyschools.ca/schools/elginpark/Pages/default.aspx,Secondary,1001254156,-122.8484479278328,49.04461295606385
13750 96 AVE,Surrey Memorial Hospital,Hospital,http://www.fraserhealth.ca/find_us/locations/our_locations?site_id=1792,,1001253734,-122.8425430154873,49.175846438194846
14590 116A AVE,Iqra Islamic School,School,http://www.iqraschool.com,Private,1001254241,-122.81821603718579,49.21383695080695
7778 152 ST,Eaglequest Golf Course,Golf,http://www.surrey.ca/culture-recreation/7287.aspx,,1001266716,-122.79945439989756,49.14393525245983
15455 26  AVE,Sunnyside Pool,Swimming Pool,http://www.surrey.ca/culture-recreation/14045.aspx,,1001222941,-122.7950421042334,49.05014861281439
9457 KING GEORGE BLVD,Queen Elizabeth Secondary School,School,https://www.surreyschools.ca/schools/queene/Pages/default.aspx,Secondary,1001264552,-122.84746596815779,49.1745210716468
11665 97 AVE,Royal Heights Elementary School,School,https://www.surreyschools.ca/schools/royalheights/Pages/default.aspx,Elementary,1001251063,-122.89889282310321,49.179421786219635
16060 108 ST,Fraser Heights Secondary School,School,https://www.surreyschools.ca/schools/fraserheights/Pages/default.aspx,Secondary,1001247732,-122.77713187680254,49.19775240926748
8226 146 ST,Janice Churchill Elementary School,School,https://www.surreyschools.ca/schools/janicechurchill/Pages/default.aspx,Elementary,1001264219,-122.8161940039055,49.1527187695934
13450 104 AVE,Surrey City Hall,Municipal,http://www.surrey.ca/city-government/14172.aspx,,1001557881,-122.84931374505852,49.19124542940146
7218 KING GEORGE BLVD,Newton Bottle Depot Inc.,Garbage and Recycling,http://www.encorpinc.com,Bottle Depot,1001269785,-122.84448181225285,49.1342599090803
10929 160 ST,Erma Stephenson Elementary School,School,https://www.surreyschools.ca/schools/ermastephenson/Pages/default.aspx,Elementary,1001261444,-122.77948997629993,49.20132826674257
13479 77 AVE,North Surrey Learning Centre,School,https://www.surreyschools.ca/schools/northsurreylc/Pages/default.aspx,Administration,1001252893,-122.8484900285137,49.14312976873258
13367 97 AVE,A.H.P. Matthew Elementary School,School,https://www.surreyschools.ca/schools/ahpmatthew/Pages/default.aspx,Elementary,1001273958,-122.85329312345279,49.17958585206561
15024 24 AVE,Star Of The Sea,School,http://www.staroftheseaschool.ca/,Private,1001229054,-122.80601845399548,49.04482519605497
14400 Currie Dr,Invergarry Park Washroom,Washroom,,,1002265275,-122.8166661235189,49.207819846695166
2040 150 ST,Meridian Centre,Community Hall/Centre,http://www.surrey.ca/culture-recreation/5053.aspx,,1001222967,-122.80625683478502,49.03879698702208
9353 160 ST,Hemlock Works Yard,Municipal,http://www.surrey.ca/city-government/717.aspx,,1001222970,-122.77943530304574,49.17263256602985
19340 88 AVE,Port Kells Pool,Swimming Pool,http://www.surrey.ca/culture-recreation/14048.aspx,,1001223078,-122.68675434648058,49.161199281417296
6060 176 ST ,Alice McKay,Community Hall/Centre,http://www.cloverdalerodeo.com/facilities-and-events/,,1001222972,-122.73419153763012,49.11279107989563
6050 176 ST,Stetson Bowl,Attraction,http://www.cloverdalerodeo.com/our-facilities/stetson-bowl/,,1001222976,-122.72684820832825,49.115428378627136
15996 84 AVE,Fleetwood Community Centre,Community Hall/Centre,http://www.surrey.ca/culture-recreation/1858.aspx,,1001222980,-122.77977976598035,49.15500525437515
16824 32 AVE,Kensington Prairie Community Centre,,,,1001222987,-122.7556266201199,49.05994103462489
6050 176 ST,Fraser Downs Racetrack & Casino,Attraction,http://www.fraserdowns.com,,1001222988,-122.73045714588359,49.11224857460003
6050 176 ST,Shannon Hall,Community Hall/Centre,http://www.cloverdalerodeo.com/our-facilities/shannon-hall/,,1001222992,-122.7341244980544,49.1123787397713
6150 176 ST,Cloverdale Curling Rink,Arena,http://www.cloverdalecurlingclub.ca/,,1001222993,-122.73434099469635,49.114267872107874
6090 176 ST,Cloverdale Ice Arena,Arena,http://www.surrey.ca/culture-recreation/5031.aspx,,1001222994,-122.7339437318998,49.11324151580786
1379 128 ST,Kwomais Sanford Hall,Park,http://www.surrey.ca/culture-recreation/6177.aspx,,1001222997,-122.86878572831267,49.02672850352611
12854 17 AVE,Ocean Park Library,Library,http://www.surreylibraries.ca/location-hours/4686.aspx,,1001223001,-122.86611145544185,49.0325354217965
13723 CRESCENT RD,The Hooser Weaving Centre,Attraction,http://www.surrey.ca/youth/4751.aspx,,1001223003,-122.84120166747346,49.065126908956174
13723 CRESCENT RD,Ward's Marina,Other Recreation,http://cruisingundersail.com/wp/?page_id=965,,1001223004,-122.84254914334248,49.06563253354956
13723 CRESCENT RD,Elg Hrtg Prk Stwrt Bunkhouse,Park,http://www.surrey.ca/culture-recreation/2014.aspx,,1001223006,-122.84303001921052,49.064596511159145
7120 136B ST,Newton Arena,Arena,http://www.surrey.ca/culture-recreation/7325.aspx,,1001223009,-122.84205241380226,49.13209975096884
14225 GREEN TIMBERS WAY,Surrey Nature Centre Admin Building,Attraction,http://www.surrey.ca/culture-recreation/2311.aspx,,1001223011,-122.83034834231223,49.17886900118758
14225 GREEN TIMBERS WAY,Surrey Nature Centre,Attraction,http://www.surrey.ca/culture-recreation/2311.aspx,,1001223012,-122.83033498254005,49.1792241211681
2201 148 ST,South Surrey Ice Arena,Arena,http://www.surrey.ca/culture-recreation/1919.aspx,,1001223016,-122.81560555733796,49.041547929496296
14655 17 AVE,South Surrey Indoor Pool,Swimming Pool,http://www.surrey.ca/culture-recreation/1755.aspx,,1001223023,-122.81579328790953,49.0333743609304
10395 148 ST,Guildford RCMP Sub-Station,RCMP,http://www.surreyrcmp.ca,,1001223024,-122.81302531978329,49.191213609704405
14586 108 AVE,Fire Hall # 04,Fire,http://www.surrey.ca/city-services/4696.aspx,,1001223026,-122.81791936760915,49.19843343420247
13700 96 AVE,SMH Parking Lot,Municipal,,,1001233528,-122.84343287516776,49.17658646595005
13723 CRESCENT RD,EHP - Stewart Hall,Other Recreation,http://www.surrey.ca/culture-recreation/2875.aspx,,1001223033,-122.84247421559074,49.06496052999594
2016 176 ST,Fire Hall # 14,Fire,http://www.surrey.ca/city-services/4696.aspx,,1001223046,-122.73479849847588,49.0387588036935
10277 148 ST,Hjorth Road Pool,Swimming Pool,http://www.surrey.ca/culture-recreation/14046.aspx,,1001223056,-122.81296727471036,49.189323500866685
18918 88 AVE,Port Kells Community Hall,Community Hall/Centre,http://www.portkellscommunity.com/wp/,,1001222912,-122.69853527812639,49.162219291520316
7399 122 ST,Strawberry Hill Library,Library,http://www.surreylibraries.ca/location-hours/4690.aspx,,1001222913,-122.8851428200376,49.13748573392215
18228 68 AVE,Adams Road Elementary School,School,https://www.surreyschools.ca/schools/adamsroad/Pages/default.aspx,Elementary,1001316772,-122.71737293419457,49.12524593253737
14901 64 AVE,Fire Hall # 09,Fire,http://www.surrey.ca/city-services/4696.aspx,,1001223073,-122.80999436995003,49.11958384363195
5730 176A ST,Cloverdale RCMP Community Policing,RCMP,http://www.surreyrcmp.ca,,1001223081,-122.73343412033363,49.106606285820504
10350 UNIVERSITY DR,City Centre Library,Library,http://www.surreylibraries.ca/location-hours/4682.aspx,,1001223090,-122.84939518721362,49.19065527947007
13530 72 AVE,Newton Cultural Centre,Community Hall/Centre,http://www.artscouncilofsurrey.ca/html/aboutus.htm,,1001222917,-122.84710163881103,49.133234116876686
13458 107A AVE,Chuck Bailey Recreation Centre,Recreation Centre,http://www.surrey.ca/culture-recreation/1914.aspx,,1001222918,-122.84927999279978,49.19687767664901
13723 CRESCENT RD,Historic Stewart Farm,Attraction,http://www.surrey.ca/culture-recreation/2875.aspx,,1001222925,-122.84200906496108,49.065085345526064
14250 CRESCENT RD,Elgin Community Hall,Community Hall/Centre,http://www.surrey.ca/culture-recreation/6054.aspx,,1001222927,-122.82742752970255,49.0668711979691
11475 126A ST,Bridgeview Community Centre,Community Hall/Centre,http://www.surrey.ca/culture-recreation/11534.aspx,,1001222928,-122.87171477130532,49.2112180546691
6188 176 ST,Cloverdale Recreation Centre,Recreation Centre,http://www.surrey.ca/culture-recreation/8524.aspx,,1001356175,-122.7340582770848,49.115200654510105
13795 70 AVE,Newton Library,Library,http://www.surreylibraries.ca/location-hours/4670.aspx,,1001222933,-122.8397031530448,49.130294500288734
7278 132 ST,Fire Hall # 10,Fire,http://www.surrey.ca/city-services/4696.aspx,,1001222935,-122.85610495369666,49.13516956597054
2610 128 ST,Fire Hall # 12,Fire,http://www.surrey.ca/city-services/4696.aspx,,1001222942,-122.86690520692348,49.049679782595156
7235 137 ST,Newton RCMP Community Policing Station District 3,RCMP,http://www.surreyrcmp.ca,,1001222945,-122.84328697196737,49.1342708242182
14915 64 Ave,Fire Service Training Centre,Fire,,,1002162339,-122.8091557142732,49.119772701903145
14255 56 AVE,North Annex,Municipal,http://www.surrey.ca,,1001222947,-122.82736830590332,49.10658105452978
14340 57 AVE,Provincial Court,Justice,http://www.provincialcourt.bc.ca/court-location/surrey,,1001356200,-122.82490910251525,49.10574395391522
"
10662 148 ST",Holly Pool,Swimming Pool,http://www.surrey.ca/culture-recreation/14047.aspx,,1001222948,-122.81178540443977,49.19637384512822
15155 18 AVE,Fire Hall # 13,Fire,http://www.surrey.ca/city-services/4696.aspx,,1001222949,-122.8020847615214,49.03505954635487
15329 32 AVE,Fire Hall # 17,Fire,http://www.surrey.ca/city-services/4696.aspx,,1001222950,-122.79742859239302,49.06125569622509
9049 152 ST,Fire Hall # 06,Fire,http://www.surrey.ca/city-services/4696.aspx,,1001222951,-122.80196565203941,49.1672460294094
10042 176 ST,Fire Hall # 05,Fire,http://www.surrey.ca/city-services/4696.aspx,,1001222953,-122.73384025872247,49.18484754401504
10588 160 ST,Fraser Heights Recreation Centre,Recreation Centre,http://www.surrey.ca/culture-recreation/1928.aspx,,1001222955,-122.77725013919574,49.195071603038215
8091 164 ST,Fire Hall # 18,Fire,http://www.surrey.ca/city-services/4696.aspx,,1001222956,-122.76811945350391,49.14989105503547
18885 88 AVE,Port Kells Library,Library,http://www.surreylibraries.ca/location-hours/4688.aspx,,1001222958,-122.69966553352621,49.163075855964514
6082 142 ST,Woodward Hill Elementary School,School,https://www.surreyschools.ca/schools/woodwardhill/Pages/default.aspx,Elementary,1001234425,-122.8277910793735,49.113331363909154
,Pacific Inn & Conference Centre,Hotel,http://www.pacificinn.com/,,1001232830,-122.7642949928361,49.02320094356117
15250 54A AVE,Roots and Wings Montessori,School,http://www.rootsandwingsbc.com/,Private,1001235096,-122.79957143584808,49.101257538583646
13409 72 AVE,Newton Auto Care,Garbage and Recycling,http://www.newtonautocare.com/,Used Oil,1001239186,-122.85088913815945,49.13397739120597
12405 100 AVE,Prince Charles Elementary School,School,https://www.surreyschools.ca/schools/princecharles/Pages/default.aspx,Elementary,1001236302,-122.87701539548164,49.18541076875244
18035 8 AVE,Hall's Prairie Elementary School,School,https://www.surreyschools.ca/schools/hallsprairie/Pages/default.aspx,Elementary,1001241511,-122.72292671650777,49.01725133288848
6677 140 ST,Hyland Elementary School,School,https://www.surreyschools.ca/schools/hyland/Pages/default.aspx,Elementary,1001245761,-122.8360362863109,49.123692191725
1739 148 ST,H.T. Thrift Elementary School,School,https://www.surreyschools.ca/schools/htthrift/Pages/default.aspx,Elementary,1001242741,-122.81304726937002,49.033496811379656
14781 104 AVE,Hjorth Road Elementary School,School,https://www.surreyschools.ca/schools/hjorthroad/Pages/default.aspx,Elementary,1001239554,-122.81319123076612,49.19207608904674
14439 104 AVE,Surrey Board of Trade,Other,http://www.businessinsurrey.com,,1001245453,-122.8221134354796,49.19180106273001
1880 LARONDE DR,Laronde (French Immersion) Elementary School,School,https://www.surreyschools.ca/schools/laronde/Pages/default.aspx,Elementary,1001246738,-122.857259946147,49.03560734560129
8305 122A ST,Kennedy Trail Elementary School,School,https://www.surreyschools.ca/schools/kennedytrail/Pages/default.aspx,Elementary,1001251320,-122.88356093437434,49.15400797733691
,Surrey Central Inn,Hotel,http://surreycentralinn.com/,,1001254586,-122.83576060573623,49.19200591378879
15181 FRASER HWY,Mr. Lube (Fleetwood),Garbage and Recycling,http://www.mrlube.com/en/Mr-Lube-Near-You/Locate-a-Mr-Lube/surrey-15181-fraser-highway.aspx?storeid=34&code=pc,Used Oil,1001254438,-122.80174905473082,49.166912678264126
10504 139 ST,Our Lady Of Good Counsel,School,http://www.olgcschool.ca,Private,1001254922,-122.83536770889668,49.193466054180654
13140 88 AVE,Jenill Recycling,Garbage and Recycling,http://www.return-it.ca/locations/metro-vancouver/surrey/jenill-recycling/,Bottle Depot,1001255595,-122.85884118052596,49.16206343138879
,Pacific Highway Border Crossing (Truck Crossing),Other,,,1001263698,-122.73414783819744,49.00301104642862
13838 91 AVE,Creekside Elementary School,School,https://www.surreyschools.ca/schools/creekside/Pages/default.aspx,Elementary,1001269436,-122.83880790454974,49.167554599100896
,Ramada,Hotel,http://www.ramadalangleysurrey.com/,,1001269842,-122.69040997363119,49.10521900395542
1730 142 ST,Bayridge Elementary School,School,https://www.surreyschools.ca/schools/bayridge/Pages/default.aspx,Elementary,1001267692,-122.82797863371647,49.03383901413227
15093 FRASER HWY,Fleetwood Bottle Return Depot,Garbage and Recycling,https://www.return-it.ca/locations/fleetwood-bottle-depot/,Bottle Depot,1001270960,-122.80419016762696,49.16756679466627
6329 KING GEORGE BLVD,Newton Learning Centre,School,http://www.sd36.bc.ca,Elementary,1001272561,-122.84625359737139,49.11798743484689
17465 60 AVE,William of Orange Christian School,School,http://www.credochs.com/wohome.cfm,Private,1001272892,-122.73891419345348,49.11261571551097
2656 160 ST,Southridge Senior Secondary School,School,http://www.southridge.bc.ca/,Private,1001283485,-122.77595308456019,49.050407779197144
14530 104 AVE,Dams Ford Lincoln Sales Ltd.,Garbage and Recycling,http://damsfordloln.dealerconnection.com/,Used Oil,1001279751,-122.8200509570703,49.1907023009164
2025 152 ST,North Bluff Shell,Garbage and Recycling,http://www.shell.ca/en/products-services/shell-for-drivers/station-locator.html,Used Oil,1001279002,-122.801721147946,49.038750910586614
16545 61 AVE,A.J. McLellan Elementary School,School,https://www.surreyschools.ca/schools/ajmclellan/Pages/default.aspx,Elementary,1001284098,-122.763659485025,49.11413524588646
16590 96 AVE,PLEA (Waypoint) program,School,http://redbookonline.bc211.ca/service/9508129_9508129/waypoint_program,Programs and Services,1001289102,-122.76228126841941,49.176704178395866
15372 94 AVE,Berkshire Park Elementary School,School,https://www.surreyschools.ca/schools/berkshirepark/Pages/default.aspx,Elementary,1001293492,-122.79678305743275,49.172781078706066
10650 164 ST,Fraser Wood Elementary School,School,https://www.surreyschools.ca/schools/fraserwood/Pages/default.aspx,Elementary,1001291909,-122.76651383225342,49.196152708517324
,Comfort Inn & Suites Surrey,Hotel,http://www.comfortinnsurrey.com/,,1001299264,-122.76216144122155,49.15239930518225
7940 156 ST,Fleetwood Park Secondary School,School,https://www.surreyschools.ca/schools/fltsec/Pages/default.aspx,Secondary,1001299344,-122.78875204122171,49.14759138054079
11113 148 ST,Pilath Hall House,Community Hall/Centre,,,1001298090,-122.81321265685962,49.20445718700256
18620 56 AVE,Relevant High School,School,http://www.relevanthighschool.ca,Private,1001305487,-122.70627075503451,49.10350864299762
6151 180 ST,Lord Tweedsmuir Secondary School,School,https://www.surreyschools.ca/schools/tweeds/Pages/default.aspx,Secondary,1001307578,-122.72505755225798,49.11475312156617
14246 44 AVE,Serpentine Fen,Attraction,http://www.surrey.ca/culture-recreation/2300.aspx,,1001314146,-122.82670299100403,49.08172123306438
15225 98 AVE,Mountainview Montessori Elementary School,School,https://www.surreyschools.ca/schools/mountainview/Pages/default.aspx,Elementary,1001314522,-122.80002622473397,49.18083369721693
6256 184 ST,Don Christian Elementary School,School,https://www.surreyschools.ca/schools/donchristian/Pages/default.aspx,Elementary,1001317142,-122.71143895499728,49.116476860459905
18620 56 AVE,Diamond Elementary,School,http://www.relevanthighschool.ca/Diamond_Elementary.html,Private,1001318362,-122.70688541753536,49.103670114544414
7878 120 ST,Canadian Tire (Scott Rd),Garbage and Recycling,http://www.canadiantire.ca/en.html,Used Oil,1001318632,-122.88912752510578,49.146148360338316
17511 59 AVE,Cloverdale Catholic,School,http://www.ccsunited.ca/,Private,1001319863,-122.73756330205332,49.109979586102014
5811 184 ST,Martha Currie Elementary School,School,https://www.surreyschools.ca/schools/marthacurrie/Pages/default.aspx,Elementary,1001324301,-122.71380886007086,49.10807693761223
"1273 FIR ST, WHITE ROCK",White Rock Elementary School,School,https://www.surreyschools.ca/schools/whiterockelem/Pages/default.aspx,Elementary,1001797127,-122.79952559586545,49.025233026501056
"15877 ROPER AVE, WHITE ROCK",Peace Arch Elementary School,School,https://www.surreyschools.ca/schools/peacea/Pages/default.aspx,Elementary,1001797146,-122.78310558003754,49.0261312035966
"15521 RUSSELL AVE, SURREY",Peace Arch Hospital,Hospital,http://www.fraserhealth.ca/find_us/locations/our_locations?site_id=1783,,1001797155,-122.79250574826956,49.03006136391949
12550 20 AVE,Ocean Cliff Elementary School,School,https://www.surreyschools.ca/schools/oceancliff/Pages/default.aspx,Elementary,1001328540,-122.87530375453896,49.03795894612668
8870 120 ST,Kennedy Community Hall,Community Hall/Centre,http://www.surrey.ca/community/3335.aspx,,1001328890,-122.88990821167117,49.164420586045274
13460 62 AVE,North Ridge Elementary School,School,https://www.surreyschools.ca/schools/northridgeelementary/Pages/default.aspx,Elementary,1001333710,-122.84924257788575,49.11463100320537
1815 152 ST,S. Surrey RCMP District Office & Semiahmoo Library,Library,,,1001335477,-122.801652849557,49.035095371106294
15516 36 AVE,Rosemary Heights Elementary School,School,https://www.surreyschools.ca/schools/rosemaryheights/Pages/default.aspx,Elementary,1001338954,-122.79260298998786,49.06676407265435
2320 KING GEORGE BLVD,South Surrey / White Rock Learning Centre ,School,https://www.surreyschools.ca/schools/whiterocklc/Pages/default.aspx,Administration,1001336667,-122.79096650047521,49.04472978538735
8824 144 ST,Green Timbers Elementary School,School,https://www.surreyschools.ca/schools/greentimbers/Pages/default.aspx,Elementary,1001346446,-122.8226322470482,49.16377604441564
12772 88 AVE,Invergarry Adult Education Centre,School,https://www.surreyschools.ca/schools/iaec/Pages/default.aspx,Adult/Continuing Education,1001343214,-122.86876906375825,49.16207086537384
13940 77 AVE,Frank Hurt Secondary School,School,https://www.surreyschools.ca/schools/frankhurt/Pages/default.aspx,Secondary,1001233963,-122.83675979385004,49.14195642856257
2440 128 ST,Crescent Park Elementary School,School,https://www.surreyschools.ca/schools/crescentpark/Pages/default.aspx,Elementary,1001344913,-122.8665763559035,49.046393738378804
7027 184 ST,Surrey Little Theatre,Attraction,http://www.surreylittletheatre.com/Site/Welcome.html,,1001344712,-122.71287839142954,49.13005475509493
5741 176 ST,Cloverdale Learning Centre,School,,Adult/Continuing Education,1001346982,-122.73532963054551,49.10665971414412
10153 KING GEORGE BLVD,Central City,Shopping Centre,http://www.centralcity.ca/contact/,Private,1001350568,-122.84931440820914,49.18619627715238
13511 102 AVE,Arts Council of Surrey,Other,http://www.surrey.ca/youth/132.aspx,,1001349790,-122.84705211756754,49.188101593673814
5640 188 ST,Sunrise Executive Par 3 Golf Course,Golf,http://www.surrey.ca/culture-recreation/7287.aspx,,1001349873,-122.70110082629559,49.10509153561935
9341 126 ST,Senator Reid Elementary School,School,https://www.surreyschools.ca/schools/senatorreid/Pages/default.aspx,Elementary,1001346347,-122.87457080413803,49.172423831475434
9761 192 ST,Jobrite New & Used Ford Truck Parts,Garbage and Recycling,http://surrey.cylex.ca/company/jobrite-new---used-ford-truck-parts-12680546.html,Used Oil,1001352496,-122.69097174124758,49.1799230431437
9380 140 ST,Simon Cunningham Elementary School,School,https://www.surreyschools.ca/schools/scunningham/Pages/default.aspx,Elementary,1001353170,-122.83363437082167,49.17296660679727
19076 88 AVE,Port Kells Elementary School,School,https://www.surreyschools.ca/schools/portkells/Pages/default.aspx,Elementary,1001244429,-122.69356916915976,49.16247096980322
14200 GREEN TIMBERS WAY,RCMP "E" Division HQ,RCMP,http://bc.rcmp-grc.gc.ca,,1001355503,-122.82883691343945,49.18018890415226
13751 112 AVE,James Ardiel Elementary School,School,https://www.surreyschools.ca/schools/jamesardiel/Pages/default.aspx,Elementary,1001240971,-122.84092766992256,49.20688441238141
7525 KING GEORGE BLVD,English Language Learner Welcome Centre,School,,Programs and Services,1001241153,-122.84643947582623,49.13960611111777
8962 HOLT (120 ST) RD,Sur-Del Bottle Depot,Garbage and Recycling,https://www.return-it.ca/locations/sur-del-bottle-depot/,Bottle Depot,1001257820,-122.88905714258132,49.16621527246349
15751 16 AVE,Earl Marriott Secondary School,School,https://www.surreyschools.ca/schools/earlmarriott/Pages/default.aspx,Secondary,1001270910,-122.785506533987,49.031788154611256
16670 OLD MCLELLAN RD,Surrey Centre Elementary School,School,https://www.surreyschools.ca/schools/surreycentre/Pages/default.aspx,Elementary,1001295848,-122.75887839111677,49.10969598833701
14898 SPENSER DR,Maple Green Elementary School,School,https://www.surreyschools.ca/schools/maplegreen/Pages/default.aspx,Elementary,1001313918,-122.81001968103521,49.156965982129215
3601 NICO WYND DR,Nico Wynd Golf Course,Golf,http://www.surrey.ca/culture-recreation/7287.aspx,,1001325382,-122.83483187257877,49.068247937950886
,Sandman Suites Surrey - Guildford,Hotel,https://www.sandmanhotels.com/locations/british-columbia/surrey/hotels/surrey-guildford-sug,,1001306180,-122.80153354068914,49.19517318441638
17285 61A AVE,George Greenaway Elementary School,School,https://www.surreyschools.ca/schools/georgegreenaway/Pages/default.aspx,Elementary,1001324298,-122.74291737119378,49.11435857291008
9260 140 ST,Surrey College,School,http://www.surreycollege.sd36.bc.ca/,Post-Secondary,1001332426,-122.83202919497607,49.17135648242564
8888 162 ST,Surrey Christian (Middle),School,http://www.surreychristian.com/campuses/middle/,Private,1001349851,-122.77264635487812,49.164134345963625
9115 160 ST,Surrey Christian (Primary),School,http://www.surreychristian.com/campuses/primary/,Private,1001272245,-122.78040917109556,49.16840656316295
13375 76 AVE,Ed Schram Motors Ltd.,Garbage and Recycling,http://www.edschrammotors.com/Home/Welcome.html,Used Oil,1001346215,-122.85177481471143,49.14185524957091
2199 146 ST,Softball City,Other Recreation,,,1001285772,-122.81570780585935,49.0432542217105
17651 56 AVE,Surrey Archives,Attraction,http://www.surrey.ca/culture-recreation/2394.aspx,,1001356182,-122.73314707624823,49.10447417288623
6677 148 ST,Central Works Yard,Municipal,http://www.surrey.ca/city-government/717.aspx,,1001822203,-122.8127597602891,49.12437742330012
5900 150 ST,Cambridge Elementary School,School,https://www.surreyschools.ca/schools/cambridge/Pages/default.aspx,Elementary,1001842970,-122.80801195895967,49.113731059332245
13875 113 AVE,Surrey Traditional Elementary School,School,https://www.surreyschools.ca/schools/surreytraditional/Pages/default.aspx,Elementary,1001249963,-122.83797416144748,49.20824849804901
17944 COLEBROOK RD,Surrey Animal and Adoption Centre,Other,http://www.surrey.ca/city-services/11182.aspx,,1001706984,-122.72547711863604,49.09771839118348
2336 166 ST,South Surrey Operations Centre,Municipal,,,1001948327,-122.7616066885201,49.044026272194856
5404 125A ST,Colebrook Elementary School,School,https://www.surreyschools.ca/schools/colebrook/Pages/default.aspx,Elementary,1001253510,-122.87381650191786,49.10139489656614
12870 72 AVE,Princess Margaret Secondary School,School,http://www.sd36.bc.ca/pmarga/,Secondary,1001249683,-122.86567883128218,49.131904839383985
14123 92 AVE,Surrey Schools - District Education Centre,School,https://www.surreyschools.ca/About/ContactUs/Pages/default.aspx,Administration,1001262908,-122.83360472586016,49.17052494875479
6248 144 ST,Sullivan Heights Secondary School,School,https://www.surreyschools.ca/schools/sullivanheights/Pages/default.aspx,Secondary,1001270687,-122.82161337323734,49.11638627882881
9815 140 ST,Surrey Community Service Centre,Municipal,http://www.scss.ca,,1001249573,-122.83552751523216,49.18066683086455
7599 KING GEORGE BLVD,Canadian Tire (Newton),Garbage and Recycling,http://www.canadiantire.ca/en.html,Used Oil,1001252882,-122.8477372268947,49.14025449829108
12355 PATULLO PL,Bridgeview Bottle & Return-It Depot,Garbage and Recycling,https://www.return-it.ca/locations/bridgeview-bottle-return-it-depot/,Bottle Depot,1001249640,-122.87938720647963,49.20325161400888
9750 140 ST,Jim Pattison Outpatient Care & Surgery Centre,Hospital,http://www.fraserhealth.ca/find-us/locations/our-locations?site_id=2500,,1001267536,-122.833182761819,49.1793908636909
17635 58 AVE,Cloverdale Mini Rec Centre,Recreation Centre,http://www.surrey.ca/culture-recreation/8524.aspx,,1001287199,-122.73394842215012,49.107926526738204
14505 84 AVE,Enver Creek Secondary School,School,https://www.surreyschools.ca/schools/envercreek/Pages/default.aspx,Secondary,1001302057,-122.82044792004824,49.156746489270816
6700 144 ST,Thomas G. Ellis Facilities Centre,School,https://www.surreyschools.ca/departments/FACL/Pages/default.aspx,Administration,1001297516,-122.82217979096956,49.12467417007941
2795 184 ST,East Kensington Elementary School,School,https://www.surreyschools.ca/schools/eastkensington/Pages/default.aspx,Elementary,1001297561,-122.71416513530524,49.052726132773124
8222 168 ST,Coast Meridian Elementary School,School,https://www.surreyschools.ca/schools/coastmeridian/Pages/default.aspx,Elementary,1001291908,-122.75431043769827,49.15230002212931
14323 57 AVE,Surrey Pre-Trial Centre,Justice,http://www.provincialcourt.bc.ca,,1001295620,-122.82652103078566,49.10744343278104
7003 184 ST,Clayton Heights Secondary School,School,https://www.surreyschools.ca/schools/clyhts/Pages/default.aspx,Secondary,1001294474,-122.7032222343898,49.12892145868011
6016 152 ST,Sullivan Elementary School,School,https://www.surreyschools.ca/schools/sullivan/Pages/default.aspx,Elementary,1001303893,-122.79983358935907,49.11209344855285
3487 KING GEORGE BLVD,Heritage Christian School,School,http://www.hcs-whiterock.ca,Private,1001303298,-122.8184636362834,49.06475098038947
14724 84 AVE,Cornerstone Kindergarten,School,http://www.cornerstone-montessori.ca,Private,1001308697,-122.81438594730328,49.15503796121794
13665 102 AVE,Canadian Tire (City Centre),Garbage and Recycling,http://www.canadiantire.ca/en.html,Used Oil,1001302178,-122.84313287927397,49.18973668130799
17857 56 AVE,Cloverdale Traditional Elementary School,School,https://www.surreyschools.ca/schools/cloverdaletraditional/Pages/default.aspx,Elementary,1001302403,-122.72811067678653,49.10470523165317
,Four Points By Sheraton Surrey,Hotel,http://www.fourpointssurrey.com/,,1001300318,-122.78345060893096,49.19209287838974
10752 157 ST,Dogwood Elementary Elementary School,School,https://www.surreyschools.ca/schools/dogwood/Pages/default.aspx,Elementary,1001299949,-122.7860761268791,49.19789936553836
8555 142A ST,Brookside Elementary School,School,https://www.surreyschools.ca/schools/brookside/Pages/default.aspx,Elementary,1001311774,-122.82850192635978,49.15824274960745
17918 55 AVE,Cloverdale Bottle Depot,Garbage and Recycling,http://www.return-it.ca/electronics/locations/staples-cloverdale/,Bottle Depot,1001309669,-122.72627963607103,49.10187458590907
3174 KING GEORGE BLVD,Peace Arch Toyota,Garbage and Recycling,http://www.peacearchtoyota.com/,Used Oil,1001312102,-122.81120900613887,49.06066007948799
14988 57 AVE,Tong Louie Family YMCA,Recreation Centre,https://gv.ymca.ca/Locations/Surrey/Newton/Tong-Louie-Family-YMCA,Private,1001311505,-122.8068218488705,49.105205366157485
7370 KING GEORGE BLVD,Mr. Lube (Newton),Garbage and Recycling,http://www.mrlube.com/en/Mr-Lube-Near-You/Locate-a-Mr-Lube/surrey-7030-king-george-highway.aspx?storeid=55&code=pc,Used Oil,1001309807,-122.84504099970803,49.13022092867838
18690 60 AVE,Sunrise Ridge Elementary School,School,https://www.surreyschools.ca/schools/sunriseridge/Pages/default.aspx,Elementary,1001305867,-122.70433562864388,49.110652608805154
9484 122 ST,L.A. Matheson Secondary School,School,https://www.surreyschools.ca/schools/lamath/Pages/default.aspx,Secondary,1001305499,-122.88341755064258,49.17540589179053
15515 24 AVE,Semiahmoo Bottle Depot,Garbage and Recycling,https://www.return-it.ca/cfm/index.cfm?It=902&Id=70&SearchID=5E1675D7-300B-41B2-A7918DCB0954BDE3#ID70,Bottle Depot,1001309806,-122.79277746413926,49.04658126569888
16900 4 AVE,Peace Portal Golf Course,Golf,http://www.surrey.ca/culture-recreation/7287.aspx,,1001315956,-122.75301256283763,49.00911460133143
9770 192 ST,Surrey Transfer Station,Garbage and Recycling,http://www.surrey.ca/city-services/4551.aspx,Transfer Station,1001318396,-122.68706156856983,49.18050615424851
10707 146 ST,Guildford Park Secondary School,School,https://www.surreyschools.ca/schools/guildfordpark/pages/default.aspx,Secondary,1001318845,-122.81870716081654,49.19697544315279
10730 139 ST,Forsyth Road Elementary School,School,https://www.surreyschools.ca/schools/forsythroad/Pages/default.aspx,Elementary,1001316953,-122.83613709007484,49.19744112383192
5950 149 ST,Zion Lutheran Church & School,School,http://zionlutheran.org,Private,1001317317,-122.72606025456055,49.11047081616083
8365 124 AVE,Perfect Auto Repairs,Garbage and Recycling,,Used Oil,1001316913,-122.87959597448886,49.15495651214147
18599 65 AVE,Hillcrest Elementary School,School,https://www.surreyschools.ca/schools/hillcr/Pages/default.aspx,Elementary,1001315623,-122.70638546375483,49.12130977200576
13780 80 AVE,Bear Creek Elementary School,School,https://www.surreyschools.ca/schools/bearcreek/Pages/default.aspx,Elementary,1001313031,-122.8403807618775,49.146857889085844
16244 13 AVE,South Meridian Elementary School,School,https://www.surreyschools.ca/schools/southmeridian/Pages/default.aspx,Elementary,1001313374,-122.77195668488446,49.02564353543671
9160 128 ST,David Brankin Elementary School,School,https://www.surreyschools.ca/schools/davidbrankin/Pages/default.aspx,Elementary,1001314916,-122.86661511460642,49.16929573748865
10682 144 ST,Mary Jane Shannon Elementary School,School,https://www.surreyschools.ca/schools/mjshannon/Pages/default.aspx,Elementary,1001314944,-122.822247861639,49.19661551185437
18603 60 AVE,Bible Way Christian Academy,School,http://www.biblewayacademy.org,Private,1001319857,-122.70647321954416,49.11172559571175
12530 60 AVE,J.T. Brown Elementary School,School,https://www.surreyschools.ca/schools/jtbrown/Pages/default.aspx,Elementary,1001323894,-122.87568894456824,49.11122885414328
1054 168 ST,Meridian Golf - Par 3,Golf,http://www.surrey.ca/culture-recreation/7287.aspx,,1001323150,-122.75637161010069,49.02114735312847
7170 132 ST,Calvary Christian Academy,School,,Private,1001325105,-122.85604836496003,49.1332773688507
10238 168 ST,Pacific Academy,School,http://www.pacificacademy.net,Private,1001321842,-122.75519257595397,49.188846090805754
 1785 148 ST,Semiahmoo Secondary School,School,https://www.surreyschools.ca/schools/semi/Pages/default.aspx,Secondary,1001322589,-122.81365450112668,49.03489347123546
14250 100A AVE,Lena Shaw Elementary School,School,https://www.surreyschools.ca/schools/lenashaw/Pages/default.aspx,Elementary,1001319711,-122.82749088256432,49.184679720681174
13130 106 AVE,K.B. Woodward Elementary School,School,https://www.surreyschools.ca/schools/kbwoodward/Pages/default.aspx,Elementary,1001331034,-122.85877553903202,49.19472950728448
18150 8 AVE,Hazelmere Golf & Tennis Club,Golf,http://www.surrey.ca/culture-recreation/7287.aspx,,1001322913,-122.72030581363043,49.01556584627304
6999 124 ST,Khalsa School Newton Campus,School,http://www.khalsaschoolcanada.com,Private,1001322926,-122.88020279778752,49.12949366308669
2977 KING GEORGE BLVD,Victory Memorial Park,Cemetery,http://www.surrey.ca/city-services/2247.aspx,,1001322885,-122.81115130888307,49.05367875897972
12834 115A AVE,Bridgeview Elementary School,School,https://www.surreyschools.ca/schools/bridgeview/Pages/default.aspx,Elementary,1001335130,-122.86474276620287,49.21124480073559
16299 FRASER HWY,Applewood Motors Inc.,Garbage and Recycling,http://www.applewoodsurrey.ca/contact-us/,Used Oil,1001335931,-122.77098996406438,49.15504253040618
,Peace Arch Inn  ( Best Western),Hotel,https://www.bestwestern.com/en_US/book/hotel-details.62117.html,,1001336666,-122.791680544094,49.0433277311228
2656 160 ST,Southridge Junior School,School,http://www.southridge.bc.ca,Private,1001334198,-122.77716097898556,49.05065699876711
7700 168 ST,Surrey Golf Course,Golf,http://www.surreygolf.com/,,1001341696,-122.75453264425873,49.14312228808896
16900 64 AVE,Cloverdale Athletic Park Fieldhouse,Washroom,http://www.surrey.ca/culture-recreation/2014.aspx,,1001222981,-122.75428625044988,49.117108030879685
6330 168 ST,Cloverdale Athletic Park - East Fieldhouse,Washroom,,,1001222986,-122.75157947886302,49.11649027607922
3366 156A ST,Morgan Elementary School,School,https://www.surreyschools.ca/schools/morgan/Pages/default.aspx,Elementary,1001341239,-122.78780131337268,49.06286435670317
15670 104 AVE,Harold Bishop Elementary School,School,https://www.surreyschools.ca/schools/haroldbishop/Pages/default.aspx,Elementary,1001342029,-122.78735145169745,49.19079189224739
15945 96 AVE,North Surrey Secondary School,School,https://www.surreyschools.ca/schools/northsurreysecondary/Pages/default.aspx,Secondary,1001339482,-122.78029619820865,49.178370340786614
12370 98 AVE,Cedar Hills Elementary School,School,https://www.surreyschools.ca/schools/cedarhill/About/ContactInfo/Pages/default.aspx,Elementary,1001338933,-122.87973255748943,49.179873460646185
,King George Inn & Suites (Best Western),Hotel,http://www.bestwesternsurrey.com/,,1001339677,-122.84655466078901,49.148735175111554
17835 62 Ave,Exhibition Grounds Show Barn,Other,http://www.cloverdalerodeo.com/our-facilities/show-barn/,,1001223080,-122.72920885365721,49.11612759990726
17763 62 Ave,Cloverdale Fairgrounds Coverall Bldg,,,,1001284241,-122.7304381094365,49.11674720945734
10719 150 ST,Holly Elementary School,School,https://www.surreyschools.ca/schools/holly/Pages/default.aspx,Elementary,1001348444,-122.80727805081584,49.197127329379775
5500 180 ST,Kwantlen Polytechnic University (Tech Campus),School,http://www.kpu.ca/tech,Post-Secondary,1001348659,-122.72223038315386,49.10311136249301
7633 124 ST,Strawberry Hill Elementary School,School,https://www.surreyschools.ca/schools/princecharles/Pages/default.aspx,Elementary,1001348728,-122.88003447982051,49.14167088485333
16193 88 AVE,Holy Cross Regional High,School,http://www.holycross.bc.ca,Private,1001355392,-122.77523057995785,49.163897055857774
14755 74 AVE,Chimney Hill Elementary School,School,https://www.surreyschools.ca/schools/chimneyhill/Pages/default.aspx,Elementary,1001237458,-122.81410673315906,49.138184083734714
10605 CITY PKWY,B.C. Lions Building,Other,http://www.bclions.com,,1001355065,-122.84866743534421,49.19560000986885
2828 159 ST,Sunnyside Elementary School,School,https://www.surreyschools.ca/schools/sunnyside/Pages/default.aspx,Elementary,1001707977,-122.7809468521898,49.05337812628034
6887 132 ST,école Gabrielle-Roy,School,http://gabrielleroy.csf.bc.ca/,Francophone,1001352177,-122.8582432051849,49.12840029041909
14835 108A ST,Riverdale Elementary School,School,https://www.surreyschools.ca/schools/riverdale/Pages/default.aspx,Elementary,1001352182,-122.81139420964844,49.20043284999412
2064 154 ST,Jessie Lee Elementary School,School,https://www.surreyschools.ca/schools/jessie/Pages/default.aspx,Elementary,1001248373,-122.79446800561921,49.03952616658447
7541 184 ST,Clayton Elementary School,School,https://www.surreyschools.ca/schools/clayton/Pages/default.aspx,Elementary,1001352004,-122.71318702639795,49.13944997603728
7676 122 ST,Westerman Elementary School,School,https://www.surreyschools.ca/schools/westerman/Pages/default.aspx,Elementary,1001352087,-122.88336339441163,49.14163030518749
9025  158 ST ,Woodland Park Elementary School,School,https://www.surreyschools.ca/schools/woodlandpark/Pages/default.aspx,Elementary,1001349095,-122.78565351765685,49.16718158594112
6220 184 ST,Don Christian Recreation Centre,Recreation Centre,http://www.surrey.ca/culture-recreation/5035.aspx,,1001222973,-122.71139127833149,49.11548070029082
12855 60 AVE,Fire Hall # 11,Fire,http://www.surrey.ca/city-services/4696.aspx,,1001222915,-122.86605568411765,49.11211177514546
14320 57 AVE,Pondside Cafe,Other,http://www.surrey.ca,,1001222946,-122.82603825237351,49.10560398002897
14986 98 AVE,Bonaccord Elementary School,School,https://www.surreyschools.ca/schools/bonaccord/Pages/default.aspx,Elementary,1001228900,-122.80645351716679,49.17979597647244
13723 CRESCENT RD,EHP - Caretakers Residence,Other,http://www.surrey.ca/city-services/481.aspx,,1001222923,-122.84264592442447,49.06525954828066
10275 CITY PKWY,North Surrey Recreation Centre,Recreation Centre,http://www.surrey.ca/culture-recreation/5048.aspx,,1001222926,-122.848820932405,49.18957233069286
16855 24 AVE,Grandview Heights Aquatic Centre,Swimming Pool,http://www.surrey.ca/culture-recreation/14315.aspx,,1001850049,-122.7554967288641,49.0461077036228
16555 FRASER HWY,Surrey Sports & Leisure Complex,Recreation Centre,http://www.surrey.ca/culture-recreation/1888.aspx,,1001222990,-122.76449056659649,49.15290265049899
17763 62 Ave,Cloverdale Fairgrounds Agriplex Bldg,Other,http://www.cloverdalerodeo.com/contact-us/,,1001223045,-122.73015244909855,49.116240793079726
17572 57 AVE,Fire Hall # 08,Fire,http://www.surrey.ca/city-services/4696.aspx,,1001222910,-122.7359832456441,49.105740679681986
10025 152 ST,Hallmark Ford Sales Ltd.,Garbage and Recycling,http://www.hallmarkfordsales.com/,Used Oil,1001231684,-122.80206360491813,49.18477457396576
298 HWY 99,B.C. Visitor Centre @ Peace Arch,Other,http://www.hellobc.com/visitorcentrelisting/4548477/british-columbia-visitor-centre-@-peace-arch.aspx,Tourism,1001778596,-122.75723446613597,49.007247480274295
15051 101 AVE,Landmark Cinemas 12 Guildford,Movie Theatre,http://www.landmarkcinemas.com/surrey-guildford,,1001231062,-122.80442856671024,49.18676044630545
3500 MORGAN CREEK WAY,Morgan Creek Golf Course,Golf,http://www.surrey.ca/culture-recreation/7287.aspx,,1001232053,-122.78131964456108,49.064605439035496
12236 70A AVE,Cougar Creek Elementary School,School,https://www.surreyschools.ca/schools/cougarcreek/Pages/default.aspx,Elementary,1001229476,-122.88314911770823,49.1303246325218
15090 66A AVE,Regent Christian Academy,School,http://www.regent.bc.ca,Private,1001231547,-122.80407726028452,49.122539701595564
7929 152 ST,Guildford Golf & Country Club,Golf,http://www.surrey.ca/culture-recreation/7287.aspx,,1001229319,-122.80187018807383,49.14687407301965
12150 92 AVE,Kirkbride Elementary School,School,https://www.surreyschools.ca/schools/kirkbride/Pages/default.aspx,Elementary,1001236300,-122.88574988726957,49.16982914614509
6505 123A ST,Beaver Creek Elementary School,School,https://www.surreyschools.ca/schools/beavercreek/Pages/default.aspx,Elementary,1001236301,-122.88123599184404,49.12175178458434
13775 70 AVE,Newton Seniors Centre,Seniors Centre,http://www.surrey.ca/culture-recreation/1777.aspx,,1001223022,-122.84094007304753,49.13045392975618
10252 CITY PKWY,Rcmp District Ranmore Centre,,,,1001223020,-122.84728900767578,49.18914015501369
14355 57 AVE,RCMP Headquarters,RCMP,http://www.surreyrcmp.ca,,1001223025,-122.82432904676745,49.10715569448373
13750 88 AVE,Surrey Arts Centre,Attraction,http://www.surrey.ca/culture-recreation/1619.aspx,,1001222954,-122.84204161107084,49.16230452875735
18915 64 AVE,Fire Hall # 15,Fire,http://www.surrey.ca/city-services/4696.aspx,,1001222957,-122.69880616176266,49.119336312409494
13730 72 AVE,Newton Recreation Centre,Recreation Centre,http://www.surrey.ca/culture-recreation/5048.aspx,,1001223008,-122.84206511159474,49.132880216769486
3530 144 ST,Elgin Centre,Other Recreation,http://www.surrey.ca/plans-strategies/3375.aspx,,1001223014,-122.82229205580397,49.066126482373335
10720 KING GEORGE BLVD,Surrey City Centre RCMP,RCMP,http://www.surreyrcmp.ca,,1001223091,-122.84474523018189,49.19734606103816
8767 132 ST,Fire Hall # 01,Fire,http://www.surrey.ca/city-services/4696.aspx,,1001222936,-122.85759908311375,49.16224682266658
13079 104 AVE,Fire Hall # 02,Fire,http://www.surrey.ca/city-services/4696.aspx,,1001222943,-122.86025930197657,49.19199840699278
6050 176 ST,Cloverdale Fairgrounds Grandstand,,,,1001356179,-122.72625883157015,49.1149285992151
19279 24 AVE,Stokes Pit,,,,1001356206,-122.68805439573713,49.04701561986545
7318 143 ST,M.B. Sanford Elementary School,School,https://www.surreyschools.ca/schools/sanford/Pages/default.aspx,Elementary,1001246794,-122.82522994100472,49.13580012196812
12111 86 AVE,Scott Road Bottle Depot,Garbage and Recycling,http://www.encorpinc.com,Bottle Depot,1001234563,-122.8876162837979,49.160055979484774
7480 128 ST,Dr. F.D. Sinclair Elementary School,School,https://www.surreyschools.ca/schools/drfdsinclair/Pages/default.aspx,Elementary,1001235824,-122.86719800727411,49.13882038784888
15350 99 ST,Johnston Heights Secondary School,School,https://www.surreyschools.ca/schools/johnht/Pages/default.aspx,Secondary,1001230731,-122.79740731334216,49.18193360566106
13130 65B AVE,St. Bernadette School,School,http://www.stbernadetteschool.ca/silver/news/,Private,1001242319,-122.85835519117396,49.12148610027294
6380 132 ST,Panorama Ridge Secondary School,School,https://www.surreyschools.ca/schools/panoramaridge/Pages/default.aspx,Secondary,1001246708,-122.8550763108488,49.118150598444764
12600 66 AVE,Tamanawis Secondary School,School,https://www.surreyschools.ca/schools/tamanawis/Pages/default.aspx,Secondary,1001245530,-122.87130522074895,49.121955718517086
,Days Inn Surrey,Hotel,https://www.wyndhamhotels.com/days-inn/surrey-british-columbia/days-inn-surrey/overview,,1001355500,-122.85096711700358,49.203331060479734
13359 81 AVE,Newton Elementary School,School,https://www.surreyschools.ca/schools/newtonelem/Pages/default.aspx,Elementary,1001240913,-122.85280614974776,49.15050621015311
15550 99A AVE,William F. Davidson Elementary School,School,https://www.surreyschools.ca/schools/wfdavidson/Pages/default.aspx,Elementary,1001268816,-122.79085650959564,49.18265606977612
13104 109 AVE,City Central Learning Centre,School,https://www.surreyschools.ca/schools/citycentrallc/Pages/default.aspx,Elementary,1001267188,-122.85861838541221,49.200383942892465
6857 168 ST,Northview Golf & Country Club,Golf,http://www.northviewgolf.com/,,1001289364,-122.76477195817633,49.12455485625997
6550 134 ST,Henry Bose Elementary School,School,https://www.surreyschools.ca/schools/henryb/Pages/default.aspx,Elementary,1001247155,-122.85029827848693,49.121763373328996
10677 124 ST,Khalsa School Old Yale Campus,School,http://www.khalsaschoolcanada.com/default/index.php?pageType=locations,Private,1001241821,-122.87928557686223,49.19688221201793
,Holiday Inn Express & Suites Surrey,Hotel,https://www.ihg.com/holidayinnexpress/hotels/us/en/surrey/yvrss/hoteldetail,,1001276853,-122.78384342907312,49.19107756830554
2141 CRANLEY DR,Cranley Drive Senior Recreation Ctr,Seniors Centre,http://www.surrey.ca/culture-recreation/4795.aspx,,1001276871,-122.78134662658022,49.04073709082996
3050 KING GEORGE BLVD,White Rock Chrysler Ltd,Garbage and Recycling,http://www.haleydodge.ca/index.htm,Used Oil,1001311681,-122.80823128593394,49.05843354284928
6985 142 ST,Georges Vanier Elementary School,School,https://www.surreyschools.ca/schools/georgesvanier/Pages/default.aspx,Elementary,1001319026,-122.82990082085959,49.129502417890755
2575 137 ST,Chantrell Creek Elementary School,School,https://www.surreyschools.ca/schools/chantrellcreek/Pages/default.aspx,Elementary,1001319040,-122.84306567178544,49.04851897239264
3040 145A ST,Semiahmoo Trail Elementary School,School,https://www.surreyschools.ca/schools/semiahmootrail/Pages/default.aspx,Elementary,1001308847,-122.81874129145912,49.05801606078901
14644 72 AVE,Valley View Mem. Gardens Cemetery,Cemetery,http://www.surrey.ca/city-services/2247.aspx,,1001276010,-122.81788076776448,49.13324426300512
,Sheraton Vancouver Guildford Hotel,Hotel,http://www.sheratonguildford.com/,,1001308682,-122.7988563419377,49.192074897245675
13055 HUNTLEY AVE,Betty Huff Elementary School,School,https://www.surreyschools.ca/schools/bettyhuff/Pages/default.aspx,Elementary,1001314917,-122.86061855520052,49.17298194106099
,Holiday Inn Hotel & Suites Surrey East - Cloverdale,Hotel,https://www.ihg.com/holidayinn/hotels/us/en/surrey/yvrsy/hoteldetail,,1001287300,-122.73700893734211,49.11837547488175
1650 136 ST,Ray Shepherd Elementary School,School,https://www.surreyschools.ca/schools/rayshepherd/Pages/default.aspx,Elementary,1001251854,-122.84473461509297,49.031948568963855
19056 FRASER HWY,Will's Auto Service,Garbage and Recycling,,Used Oil,1001341334,-122.69507631176468,49.12041297309949
17710 56A AVE,Museum of Surrey,Attraction,http://www.surrey.ca/culture-recreation/2372.aspx,,1001222908,-122.73224939887149,49.10459322290084
16152 82 AVE,Walnut Road Elementary School,School,https://www.surreyschools.ca/schools/walnutroad/Pages/default.aspx,Elementary,1001329065,-122.77386155127375,49.15122768978088
15105 105 AVE,Guildford Recreation Centre,Recreation Centre,http://www.surrey.ca/culture-recreation/1876.aspx,,1001222939,-122.80257913538938,49.193818601649916
16748 50 AVE,SPCA - Animal Pound,Other,http://www.spca.bc.ca/surrey,,1001316093,-122.75799668219159,49.09286291002426
15257 FRASER HWY,Pan Pacific Nissan Ltd.,Garbage and Recycling,http://www.applewoodnissan.ca/,Used Oil,1001324583,-122.79935670026755,49.165862637217536
18922 88 AVE,Fire Hall # 07,Fire,http://www.surrey.ca/city-services/4696.aspx,,1001222952,-122.69811266973552,49.162563671579264
6325 142 ST,McLeod Road Traditional Elementary School,School,https://www.surreyschools.ca/schools/mcleodroad/About/ContactInfo/Pages/default.aspx,Elementary,1001346435,-122.82975306720166,49.11772407687798
,Peace Arch Border Crossing (Douglas),Other,,,1001348503,-122.75748260173941,49.00494836646655
6887 194A ST,Katzie Elementary School,School,https://www.surreyschools.ca/schools/katzie/Pages/default.aspx,Elementary,1001707068,-122.68534165192817,49.128969197652374
16450 80 AVE,William Watson Elementary School,School,https://www.surreyschools.ca/schools/williamwatson/Pages/default.aspx,Elementary,1001349532,-122.76655928504192,49.14755515345288
15353 92 AVE,Surrey Christian (Secondary),School,http://www.surreychristian.com/campuses/secondary/,Private,1001299446,-122.79687909660832,49.170542018993494
18711 74 AVE,Regent Road Elementary School,School,https://www.surreyschools.ca/regentroad,Elementary,1002331457,-122.70458430637892,49.13774976032491
7278 184 ST,Salish Secondary School,School,https://www.surreyschools.ca/schools/salish/Pages/default.aspx,Secondary,1001949161,-122.71049271764159,49.135270457208314
10153 KING GEORGE BLVD,Simon Fraser University,School,http://www.centralcity.ca/contact/,Post-Secondary,1001913161,-122.84934751300686,49.187813011306595
12332 BOUNDARY DR N,Boundary Park Elementary School,School,https://www.surreyschools.ca/schools/boundarypark/Pages/default.aspx,Elementary,1001345781,-122.8810937907802,49.11684309113463
7057 191 ST,Hazelgrove Elementary School,School,https://www.surreyschools.ca/schools/hazelgrove/Pages/default.aspx,Elementary,1001251383,-122.69441981063751,49.130554117431366
14225 57 AVE,Annex Office,School,http://www.3d36.bc.ca,Administration,1001342089,-122.82838371607335,49.106605106646754
5642 176A ST,Cloverdale Library,Library,http://www.surreylibraries.ca/location-hours/4684.aspx,,1001222909,-122.73318631416278,49.10479878697791
1660 168 ST,Darts Hill House,,,,1001222971,-122.75576681540483,49.03226695014271
12878 62 AVE,Panorama Park Elementary School,School,https://www.surreyschools.ca/schools/panoramapark/Pages/default.aspx,Elementary,1001333782,-122.86578140937219,49.114718999917464
17070 102 AVE,Bothwell Elementary School,School,https://www.surreyschools.ca/schools/bothwell/Pages/default.aspx,Elementary,1001351971,-122.74871807517958,49.1873866565069
6287 146 ST,Goldstone Park Elementary School,School,https://www.surreyschools.ca/schools/goldstonepark/pages/default.aspx,Elementary,1001706647,-122.8187918944625,49.11678757529894
10277 CITY PKWY,Surrey Central CRU,Other,,,1001223021,-122.84792379968404,49.18941431168471
8131 156 ST,Coyote Creek Elementary School,School,https://www.surreyschools.ca/schools/coyotecreek/Pages/default.aspx,Elementary,1001261410,-122.79113102050373,49.15024401208648
8606 160 ST,Frost Road Elementary School,School,https://www.surreyschools.ca/schools/frostroad/Pages/default.aspx,Elementary,1001318359,-122.77217017244871,49.15955396101051
9752 192 Street,Surrey Biofuel Facility,Other,https://www.surreybiofuel.ca/,,1001948487,-122.68724104385912,49.17948735333619
1371 128 ST,Kwomais Point Lodge,Washroom,http://www.surrey.ca/culture-recreation/6177.aspx,,1001222919,-122.86844703269556,49.026667590323584
10950 126A ST,North Surrey Sports & Ice Centre,Arena,https://www.surrey.ca/culture-recreation/23437.aspx,,1002167455,-122.87050778102636,49.201721630253125
12666 72 AVE,Kwantlen Polytechnic University (Surrey Campus),School,http://www.kpu.ca/surrey,Post-Secondary,1001349430,-122.87132685675199,49.13258070767424
17148 26 AVE,Pacific Heights Elementary School,School,https://www.surreyschools.ca/schools/pacificheights/Pages/default.aspx,Elementary,1001306909,-122.74835138270745,49.04832863829662
15848 97A AVE,North Surrey Community Park Washroom,Washroom,http://www.surrey.ca/culture-recreation/2155.aspx,,1001356194,-122.78276590199985,49.17937348660786
19340 88 AVE,Port Kells Park Washroom,Washroom,http://www.surrey.ca/culture-recreation/2140.aspx,,1001223077,-122.68648355992646,49.16117776722324
7365 128 ST,Newton Athletic Pavilion,Washroom,http://www.surrey.ca/culture-recreation/2059.aspx,,1001222916,-122.86979587836225,49.137350548477514
13591 Crestview Dr,Bolivar Park Washroom,Washroom,,,1002054247,-122.8506050824417,49.21060027998881
13750 88 AVE,Bear Creek Pavilion,Washroom,http://www.surrey.ca/culture-recreation/1903.aspx,,1001222960,-122.84255251158602,49.16135176349816
14601 20 AVE,South Surrey Recreation & Arts Centre,Washroom,http://www.surrey.ca/culture-recreation/1918.aspx,,1001222968,-122.81854544450881,49.0399512164424
13820 88 AVE,Bear Creek Pool,Swimming Pool,http://www.surrey.ca/culture-recreation/14025.aspx,,1001222934,-122.8391483692679,49.16109550804998
18513 70 AVE,Clayton Community Hall,Washroom,http://www.surrey.ca/culture-recreation/13137.aspx,,1001222995,-122.70913553087965,49.13004954288146
17901 60 AVE,Greenaway Pool,Swimming Pool,http://www.surrey.ca/culture-recreation/14044.aspx,,1001222975,-122.72660439466114,49.111668512728095
6386 176 ST,Bill Reid Millennium Amphitheatre,Attraction,http://www.surrey.ca/culture-recreation/2175.aspx,,1001222978,-122.73196747649742,49.11751828421858
7155 187A St,CLAYTON COMMUNITY CENTRE,Recreation Centre,,,1002227571,-122.70457694503236,49.13295023361426
6272 152 St,Sullivan Park Modular Washroom,Washroom,,,1001971491,-122.79678865726083,49.116173503152446
12160 BEECHER ST,Beecher Place,Washroom,http://www.alexhouse.net/beecher-place,,1001222999,-122.88484853334164,49.05194009511149
2197 148 ST,South Surrey Rotary Fieldhouse,Washroom,http://www.clubrunner.ca/Portal/SitePages/SitePage.aspx?cid=256&pid=54609,,1001222963,-122.81556891835476,49.040421791083546
12152 75A Ave,Strawberry Hill Meeting Hall,Community Hall/Centre,,,1001230240,-122.88595248092761,49.13922144952108
12555 CRESCENT RD,Crescent Beach Marina,,,,1001243144,-122.87047117064742,49.056430539389886
6022 176 ST,Old Surrey Museum (Trucks Museum),Attraction,http://www.surrey.ca/culture-recreation/2372.aspx,,1001223030,-122.734213769705,49.11187225245314
10706 148 ST,Holly Park Caretaker Building,Other Recreation,,,1001223059,-122.81081596982273,49.197232421108964
10277 KING GEORGE BLVD,City Centre Comm Policing Office,,,,1001223066,-122.84600790823515,49.18948828533931
561 172 ST,The Glades - House,Park,,,1001309066,-122.74693206450371,49.011385066778054
15802 80 AVE,Fleetwood Park Scout House,,,,1001223072,-122.78451913969538,49.14744469751248
5441 125A ST,Colebrook United Church,Church,colebrookunited.org,,1001334298,-122.87511193755917,49.101519817858915
13035 104 AVE,Royal Kwantlen Pool,Swimming Pool,http://www.surrey.ca/culture-recreation/14050.aspx,,1001223058,-122.8607414194299,49.19237529373236
13485 CENTRAL AVE,KPU,School,https://www.kpu.ca/civicplaza,,1002133300,-122.84801973552855,49.1906197181969
13723 CRESCENT RD,Elgin Heritage Park Stwrt Hall,,,,1002137432,-122.84228191861901,49.06460475776976
16824 32 AVE,Kensington Prairie Gym,,,,1001343077,-122.75533535958381,49.05977359855061
15848 97A Ave,North Surrey Community Park Community Room,,,,1001802069,-122.78300308548037,49.17944331613039
14123 92 AVE,Resource And Education Centre,School,https://www.surreyschools.ca/About/ContactUs/Pages/default.aspx,,1001853315,-122.83109042247158,49.17060087028023
17465 60 AVE,William Of Orange Christian School,School,,,1001980867,-122.73927270048884,49.11273968436325
2199 146 ST,BMO Coastal Soccer Centre,Other Recreation,,,1002205496,-122.81389569886069,49.04375338731972
2239 152 ST,White Rock Christian Academy,School,http://www.wrca.bc.ca,Private,1001314171,-122.80229846698641,49.04338925822214
9016 164 St,Godwin Farm Biodiversity Preserve Washroom,Washroom,,,1002265286,-122.76398625098814,49.16735291796164
16600 Old Mclellan Rd,Surrey Centre Cemetery Portible Washroom,Washroom,,,1002295097,-122.75913872771135,49.110309880587664
5419 King George Blvd,Colebrook Park Washroom,Washroom,,,1002291638,-122.83803465766404,49.09736285640283
,Guildford Town Centre,Shopping Centre,https://www.guildfordtowncentre.com,,1001270132,-122.80224387363393,49.188548826487015
1845 154 ST,Sunnyside Community Hall,Community Hall/Centre,http://www.surrey.ca/culture-recreation/6054.aspx,,1001222944,-122.79690707770919,49.035361781395736
16987 25 AVE,Grandview Heights Secondary School,School,,Secondary,1002272769,-122.75205454614542,49.04839251624076
16666 23 AVE,Edgewood Elementary School,School,,Elementary,1002273104,-122.76129588319787,49.043167461500865
17325 2 AVE,Douglas Elementary School,School,,Elementary,1002273499,-122.74325499394602,49.006272976083906
19405 76 AVE,Maddaugh Elementary School,School,,Elementary,1002271334,-122.68515337892245,49.14160451042372
13089 Summerhill Cres,Summerhill Park - Basketball - Half Courts,Games,,,1001439375,-122.86108937561076,49.034220168483166
1782 136 St,Bell Park - Tennis Courts,Tennis,http://www.surrey.ca/culture-recreation/2180.aspx,,1001439376,-122.84319548063634,49.03375083719288
8959 150 St,Maple Green Park - Tennis Courts,Tennis,http://www.surrey.ca/culture-recreation/2117.aspx,,1001439319,-122.8081023777375,49.16455728042656
8959 150 St,Maple Green Park - Basketball - Half Courts,Games,,,1001439320,-122.80810210389743,49.16461039760759
7395 128 St,Newton Athletic Park - Basketball - Half Courts,Games,,,1001887822,-122.86847937950547,49.13603249689724
6220 184 St,Don Christian Park - Volleyball Courts,Volleyball,,,1001439362,-122.70973617683617,49.1156001347091
6220 184 St,Don Christian Park - Volleyball Courts,Volleyball,,,1002319618,-122.7093526740354,49.11559726325703
6220 184 St,Don Christian Park - Volleyball Courts,Volleyball,,,1001605850,-122.70954845031652,49.11559989800317
8959 150 St,Maple Green Park - Hockey Courts,Games,,,1001439321,-122.80789089569338,49.16449450096412
10588 160 St,Fraser Heights Park - Tennis Courts,Tennis,http://www.surrey.ca/culture-recreation/Sports.aspx,,1001439312,-122.77497002006689,49.198508499194446
12576 100 Ave,Robson Park - Tennis Courts,Tennis,http://www.surrey.ca/culture-recreation/2074.aspx,,1001439293,-122.87287782229785,49.18426685616262
10310 154 St,Guildford Heights Park - Basketball Courts,Games,,,1001439314,-122.794977127209,49.18834765996321
15044 99A Ave,Douglas Park - Tennis Courts,Tennis,http://www.surrey.ca/culture-recreation/2133.aspx,,1001439315,-122.80441440108697,49.18166632619554
14962 98 Ave,Bonaccord Park - Basketball - Half Courts,Games,,,1001439316,-122.80817565553248,49.18015570549227
8959 150 St,Maple Green Park - Basketball - Half Courts,Games,,,1001439317,-122.80767798489758,49.16478307772869
12576 100 Ave,Robson Park - Tennis Courts,Tennis,http://www.surrey.ca/culture-recreation/2074.aspx,,1001439294,-122.87288744956042,49.184140043833196
2284 165 St,Edgewood Park - Basketball Courts,Games,,,1002307487,-122.76434807685794,49.043367198082194
10665 City Parkway,Tom Binnie Park - Hockey Courts,Games,,,1001888734,-122.84997942589212,49.19648282299545
14400 Currie Dr,Invergarry Park - Bike Park,Bike Park,,,1001605849,-122.81726629912234,49.20862034261669
7395 128 St,Newton Athletic Park - Basketball - Half Courts,Games,,,1001887827,-122.86847787951295,49.13618814945726
7395 128 St,Newton Athletic Park - Basketball - Half Courts,Games,,,1001887828,-122.8684785520929,49.13634523250854
7395 128 St,Newton Athletic Park - Basketball - Half Courts,Games,,,1001887829,-122.86847801747666,49.13654729753556
1925 148 St,South Surrey Athletic Park - Basketball Courts,Games,,,1001439382,-122.81832127448537,49.03935421808429
2040 150 St,Meridian by the Sea Park - Tennis Courts,Tennis,http://www.surrey.ca/culture-recreation/2213.aspx,,1001439383,-122.80636275417162,49.03904187712839
15802 80 Ave,Fleetwood Park - Volleyball Courts,Volleyball,,,1002325164,-122.78077705677414,49.14702032038616
15802 80 Ave,Fleetwood Park - Volleyball Courts,Volleyball,,,1002325163,-122.78095393638029,49.14701768125824
15112 87B Ave,Evergreen Tot-lot - Basketball Courts,Games,,,1001439395,-122.80366844974951,49.16181159211749
10588 160 St,Fraser Heights Park - Basketball Courts,Games,,,1001439397,-122.77733003322524,49.19469316897644
10588 160 St,Fraser Heights Park - Tennis Courts,Tennis,,,1001439400,-122.77758193966187,49.19564119824085
15802 80 Ave,Fleetwood Park - Volleyball Courts,Volleyball,,,1002325165,-122.78059293350925,49.147019970673966
10588 160 St,Fraser Heights Park - Tennis Courts,Tennis,,,1001439404,-122.77779070176442,49.19556093383531
3302 156A St,Morgan Creek Park - Tennis Courts,Tennis,http://www.surrey.ca/culture-recreation/2203.aspx,,1001439393,-122.78791156555894,49.062144143062625
13931 100 Ave,22D - Utility ROW - Bike Park,Bike Park,,,1002155729,-122.83496735550312,49.18678933807751
1925 148 St,South Surrey Athletic Park - Bike Park,Bike Park,,,1001439283,-122.81877258372475,49.04345485209969
1925 148 St,South Surrey Athletic Park - Volleyball Courts,Volleyball,,,1001439398,-122.81437146443325,49.0361094696725
1925 148 St,South Surrey Athletic Park - Volleyball Courts,Volleyball,,,1001439399,-122.81416336702502,49.036109134756956
5850 146 St,Goldstone Park - Basketball Courts,Games,,,1001439405,-122.81742928271032,49.109071332446646
5850 146 St,Goldstone Park - Tennis Courts,Tennis,,,1001439406,-122.81555312655749,49.1085115555658
13035 104 Ave,Royal Kwantlen Park - Skate Park,Skate Park,http://www.surrey.ca/culture-recreation/2095.aspx,,1001439273,-122.86187388208228,49.192351099192344
8400 King George Blvd,Bear Creek Youth Park - Skate Park,Skate Park,http://www.surrey.ca/culture-recreation/2083.aspx,,1001439274,-122.8452087644662,49.15642148140193
1925 148 St,South Surrey Athletic Park - Skate Park,Skate Park,http://www.surrey.ca/culture-recreation/Sports.aspx,,1001439276,-122.81855130724,49.03900852073868
16555 Fraser Hwy,Surrey Sport & Leisure Complex Grounds - Skate Park,Skate Park,http://www.surrey.ca/culture-recreation/1888.aspx,,1001439277,-122.76400630133986,49.15197470598421
10588 160 St,Fraser Heights Park - Skate Park,Skate Park,,,1001439278,-122.77693671930264,49.194565888023746
10665 City Parkway,Tom Binnie Park - Skate Park,Skate Park,,,1001801881,-122.84949410776295,49.19650030310402
6330 168 St,Cloverdale Athletic Park - Bike Park,Bike Park,,,1001439280,-122.75320645160257,49.11846536725773
6330 168 St,Cloverdale Athletic Park - Bike Park,Bike Park,,,1001439284,-122.7539926176623,49.11848157275279
8400 King George Blvd,Bear Creek Youth Park - Basketball Courts,Games,,,1001439324,-122.84481681754441,49.15653383150132
15802 80 Ave,Fleetwood Park - Tennis Courts,Tennis,http://www.surrey.ca/culture-recreation/2113.aspx,,1001439325,-122.78075858661532,49.14672014655566
2440 128 St,Crescent Park School Grounds - Tennis Courts,Tennis,http://www.surrey.ca/culture-recreation/2189.aspx,,1001439369,-122.8656745152581,49.04741155244496
2440 128 St,Crescent Park School Grounds - Tennis Courts,Tennis,http://www.surrey.ca/culture-recreation/2189.aspx,,1001439372,-122.86522705379701,49.04734761218218
2440 128 St,Crescent Park School Grounds - Tennis Courts,Tennis,http://www.surrey.ca/culture-recreation/2189.aspx,,1001439374,-122.86462128790426,49.04734870230561
12901 73 Ave,Parkwood Village Park - Basketball/Hockey Courts,Games,,,1001439337,-122.86651956328058,49.13551729006162
8959 150 St,Maple Green Park - Tennis Courts,Tennis,http://www.surrey.ca/culture-recreation/2117.aspx,,1001439323,-122.8073096593587,49.16448701093232
6272 152 St,Sullivan Park - Tennis Courts,Tennis,http://www.surrey.ca/culture-recreation/2028.aspx,,1001439345,-122.79688606939077,49.11584961304152
12151 Sullivan St,110A - Games Court - Basketball Courts,Games,,,1001439368,-122.88498255332715,49.05603052498942
15101 105 Ave,Guildford Recreation Centre & Library Grounds - Skate Park,Skate Park,,,1001879039,-122.80209956818436,49.19339897037462
1925 148 St,South Surrey Athletic Park - Volleyball Courts,Volleyball,,,1002135710,-122.81455961405639,49.03643965152297
1925 148 St,South Surrey Athletic Park - Volleyball Courts,Volleyball,,,1002135711,-122.81476771284801,49.03643998572565
15802 80 Ave,Fleetwood Park - Tennis Courts,Tennis,http://www.surrey.ca/culture-recreation/2113.aspx,,1001439326,-122.78047853081371,49.146638610930424
1761 Lilac Dr,Alderwood Park - Basketball/Hockey Courts,Games,,,1001439385,-122.7846679443933,49.03384708673858
1761 Lilac Dr,Alderwood Park - Tennis Courts,Tennis,http://www.surrey.ca/culture-recreation/2191.aspx,,1001439386,-122.78432423925167,49.03385467584666
19340 88 Ave,Port Kells Park - Bike Park,Bike Park,,,1001439285,-122.68809620611547,49.15995922652536
7395 128 St,Newton Athletic Park - Tennis Courts,Tennis,http://www.surrey.ca/culture-recreation/2059.aspx,,1001439336,-122.86825521651264,49.138128355929894
5424 - 148 St,Bob Rutledge Park - Tennis Courts,Tennis,http://www.surrey.ca/culture-recreation/2041.aspx,,1001439348,-122.81041878085482,49.10105743097056
7080 190 St,Hazelgrove Park - Basketball Courts,Games,,,1001799741,-122.69532307909435,49.13127104665166
1782 136 St,Bell Park - Tennis Courts,Tennis,http://www.surrey.ca/culture-recreation/2180.aspx,,1001439377,-122.84319425620248,49.033618060938785
1761 Lilac Dr,Alderwood Park - Tennis Courts,Tennis,http://www.surrey.ca/culture-recreation/2191.aspx,,1001439387,-122.78412600262094,49.03385367550077
1925 148 St,South Surrey Athletic Park - Tennis Courts,Tennis,http://www.surrey.ca/culture-recreation/2215.aspx,,1001439378,-122.81879103365027,49.04098405254615
1925 148 St,South Surrey Athletic Park - Tennis Courts,Tennis,http://www.surrey.ca/culture-recreation/2215.aspx,,1001439379,-122.81859439655919,49.04098675713515
18513 70 Ave,Clayton Park - Tennis Courts,Tennis,http://www.surrey.ca/culture-recreation/2159.aspx,,1001439364,-122.70912934568253,49.13194165897297
18513 70 Ave,Clayton Park - Tennis Courts,Tennis,http://www.surrey.ca/culture-recreation/2159.aspx,,1001439365,-122.70931583635351,49.131680246470474
13428 Old Yale Road,Holland Park - Basketball - Half Courts,Games,,,1001873478,-122.85087295579083,49.185265833293755
13428 Old Yale Road,Holland Park - Basketball - Half Courts,Games,,,1001873480,-122.85072415681593,49.18537105263642
7395 128 St,Newton Athletic Park - Tennis Courts,Tennis,http://www.surrey.ca/culture-recreation/2059.aspx,,1001439329,-122.86887405852065,49.138448757002735
7395 128 St,Newton Athletic Park - Tennis Courts,Tennis,http://www.surrey.ca/culture-recreation/2059.aspx,,1001439330,-122.86867060073362,49.13844938033214
7395 128 St,Newton Athletic Park - Tennis Courts,Tennis,http://www.surrey.ca/culture-recreation/2059.aspx,,1001439331,-122.86846316467873,49.13845089831136
7395 128 St,Newton Athletic Park - Tennis Courts,Tennis,http://www.surrey.ca/culture-recreation/2059.aspx,,1001439332,-122.86826114868796,49.13845066799846
7395 128 St,Newton Athletic Park - Tennis Courts,Tennis,http://www.surrey.ca/culture-recreation/2059.aspx,,1001439333,-122.86887230399488,49.1381264047341
7395 128 St,Newton Athletic Park - Tennis Courts,Tennis,http://www.surrey.ca/culture-recreation/2059.aspx,,1001439334,-122.86866747642316,49.13812707147907
7395 128 St,Newton Athletic Park - Tennis Courts,Tennis,http://www.surrey.ca/culture-recreation/2059.aspx,,1001439335,-122.86846134652971,49.13812769140004
1472 - 128 St,Fun Fun Park - Bike Park,Bike Park,,,1001879038,-122.86648086044458,49.02945501628262
12863 60 Ave,Panorama Park - Bike Park,Bike Park,,,1001751333,-122.86563068523833,49.11281210998313
16555 Fraser Hwy,Surrey Sport & Leisure Complex Grounds - Basketball Courts,Games,,,1001439391,-122.76387960831394,49.15208554004664
15802 80 Ave,Fleetwood Park - Basketball Courts,Games,,,1001439408,-122.78089783031083,49.14727122001426
12688 70 Ave,Evershine Park - Basketball/Hockey Courts,Games,,,1001439338,-122.87036710394916,49.12936894679185
12515 64 Ave,Tamanawis Park - Basketball Courts,Games,,,1001439339,-122.87390374748901,49.11959389234637
13313 68 Ave,Unwin Park - Lacrosse Box Courts,Lacrosse Box,http://www.surrey.ca/culture-recreation/2020.aspx,,1001439341,-122.85229025079461,49.1285770029608
10588 160 St,Fraser Heights Park - Tennis Courts,Tennis,,,1001439401,-122.77738200025108,49.195643033759914
10588 160 St,Fraser Heights Park - Tennis Courts,Tennis,,,1001439402,-122.77718206581407,49.19564375858265
10588 160 St,Fraser Heights Park - Tennis Courts,Tennis,,,1001439403,-122.7769804321176,49.19564559013796
13313 68 Ave,Unwin Park - Lacrosse Box Courts,Lacrosse Box,http://www.surrey.ca/culture-recreation/2020.aspx,,1001439342,-122.85253118628577,49.12803524695001
2440 128 St,Crescent Park School Grounds - Tennis Courts,Tennis,http://www.surrey.ca/culture-recreation/2189.aspx,,1001439371,-122.86542425042872,49.04734874184885
7080 190 St,Hazelgrove Park - Tennis Courts,Tennis,,,1001953356,-122.69545614235707,49.13155304458091
6240 Highway 15,Cloverdale Youth Park - Skate Park,Skate Park,,,1001753355,-122.73418926180331,49.116165342091165
16824 32 Ave,Kensington Prairie School Grounds - Basketball - Half Courts,Games,,,1002192026,-122.75501908234504,49.059748046577894
8959 150 St,Maple Green Park - Tennis Courts,Tennis,http://www.surrey.ca/culture-recreation/2117.aspx,,1001439322,-122.80754696147459,49.164488306188716
7080 190 St,Hazelgrove Park - Tennis Courts,Tennis,,,1001953358,-122.69565199372236,49.131553561006086
11083 Swan Cres,Hummingbird Park - Tennis Courts,Tennis,http://www.surrey.ca/culture-recreation/2143.aspx,,1001439311,-122.80422572672757,49.203247224869855
9058 Holt Rd,Kennedy Park - Tennis Courts,Tennis,http://www.surrey.ca/culture-recreation/2078.aspx,,1001439297,-122.8860836375875,49.16776092059985
9058 Holt Rd,Kennedy Park - Tennis Courts,Tennis,http://www.surrey.ca/culture-recreation/2078.aspx,,1001439298,-122.88588692511024,49.16775888233893
9058 Holt Rd,Kennedy Park - Tennis Courts,Tennis,http://www.surrey.ca/culture-recreation/2078.aspx,,1001439299,-122.8862755350117,49.16743952573933
9058 Holt Rd,Kennedy Park - Tennis Courts,Tennis,http://www.surrey.ca/culture-recreation/2078.aspx,,1001439300,-122.88608986252049,49.16743934274326
9058 Holt Rd,Kennedy Park - Tennis Courts,Tennis,http://www.surrey.ca/culture-recreation/2078.aspx,,1001439301,-122.88590151926763,49.16743731276178
8959 150 St,Maple Green Park - Tennis Courts,Tennis,http://www.surrey.ca/culture-recreation/2117.aspx,,1001439318,-122.80810284577109,49.16443615859966
13313 68 Ave,Unwin Park - Basketball/Hockey Courts,Games,,,1001439343,-122.85240386823305,49.12682749394978
14069 68 Ave,Hazelnut Meadows Community Park - Basketball Courts,Games,,,1001439344,-122.83396968975389,49.12777112888125
6330 168 St,Cloverdale Athletic Park - Tennis Courts,Tennis,http://www.surrey.ca/culture-recreation/2177.aspx,,1001439352,-122.75617307840332,49.11703874009284
11475 126A St,Bridgeview Park - Basketball Courts,Games,,,1001439287,-122.87198362627647,49.210564835330516
10665 City Parkway,Tom Binnie Park - Basketball Courts,Games,,,1001439288,-122.84970779436516,49.19613971327435
13035 104 Ave,Royal Kwantlen Park - Lacrosse Box Courts,Lacrosse Box,http://www.surrey.ca/culture-recreation/2095.aspx,,1001439289,-122.86271686806873,49.192225540127566
13035 104 Ave,Royal Kwantlen Park - Tennis Courts,Tennis,http://www.surrey.ca/culture-recreation/2095.aspx,,1001439290,-122.86134644974692,49.19214946680874
18513 70 Ave,Clayton Park - Tennis Courts,Tennis,http://www.surrey.ca/culture-recreation/2159.aspx,,1001439366,-122.7090883592418,49.13167863906983
2040 150 St,Meridian by the Sea Park - Tennis Courts,Tennis,http://www.surrey.ca/culture-recreation/2213.aspx,,1001439384,-122.8061606582693,49.03904270728018
3302 156A St,Morgan Creek Park - Tennis Courts,Tennis,http://www.surrey.ca/culture-recreation/2203.aspx,,1001439394,-122.78773275844954,49.06208664777648
13035 104 Ave,Royal Kwantlen Park - Tennis Courts,Tennis,http://www.surrey.ca/culture-recreation/2095.aspx,,1001439291,-122.86134688704598,49.19199299375111
6272 152 St,Sullivan Park - Tennis Courts,Tennis,http://www.surrey.ca/culture-recreation/2028.aspx,,1001439346,-122.79668598876093,49.115851014974886
5424 - 148 St,Bob Rutledge Park - Tennis Courts,Tennis,http://www.surrey.ca/culture-recreation/2041.aspx,,1001439347,-122.81061285109055,49.10105370155451
6330 168 St,Cloverdale Athletic Park - Tennis Courts,Tennis,http://www.surrey.ca/culture-recreation/2177.aspx,,1001439353,-122.75597366204028,49.11703816555974
5424 - 148 St,Bob Rutledge Park - Basketball Courts,Games,,,1001439349,-122.81063862375547,49.10079710320568
6330 168 St,Cloverdale Athletic Park - Tennis Courts,Tennis,http://www.surrey.ca/culture-recreation/2177.aspx,,1001439350,-122.75616275671824,49.117368489180336
2440 128 St,Crescent Park School Grounds - Tennis Courts,Tennis,http://www.surrey.ca/culture-recreation/2189.aspx,,1001439370,-122.86567345886527,49.047295688585535
6330 168 St,Cloverdale Athletic Park - Lacrosse Box Courts,Lacrosse Box,http://www.surrey.ca/culture-recreation/2177.aspx,,1001439354,-122.75428043438934,49.11600607359392
13035 104 Ave,Royal Kwantlen Park - Basketball Courts,Games,,,1001439292,-122.8613789462171,49.1923080483178
6330 168 St,Cloverdale Athletic Park - Tennis Courts,Tennis,http://www.surrey.ca/culture-recreation/2177.aspx,,1001439351,-122.75596499931694,49.11736971722562
9058 Holt Rd,Kennedy Park - Tennis Courts,Tennis,http://www.surrey.ca/culture-recreation/2078.aspx,,1001439295,-122.88627198629925,49.16776110624123
9058 Holt Rd,Kennedy Park - Tennis Courts,Tennis,http://www.surrey.ca/culture-recreation/2078.aspx,,1001439296,-122.88608587261592,49.16798261335645
17375 2 Ave,Dufferin Park - Basketball/Hockey Courts,Games,,,1001751812,-122.74223777133963,49.00626409885852
11475 126A St,Bridgeview Park - Tennis Courts,Tennis,http://www.surrey.ca/culture-recreation/2085.aspx,,1001439286,-122.87175423942035,49.21057591494114
6240 Highway 15,Cloverdale Youth Park - Basketball Courts,Games,,,1001843466,-122.73404173764638,49.11599262635683
6330 168 St,Cloverdale Athletic Park - Basketball/Hockey Courts,Games,,,1001439355,-122.75372176531937,49.116109680148526
5880 Aberdeen St,Cloverdale Heights Park - Tennis Courts,Tennis,http://www.surrey.ca/culture-recreation/2176.aspx,,1001439356,-122.74986611745845,49.10917412809182
5880 Aberdeen St,Cloverdale Heights Park - Basketball Courts,Games,,,1001439357,-122.74965201986925,49.109188731406796
6220 184 St,Don Christian Park - Basketball/Hockey Courts,Games,,,1001439361,-122.71216198782291,49.115896918683845
11083 Swan Cres,Hummingbird Park - Tennis Courts,Tennis,http://www.surrey.ca/culture-recreation/2143.aspx,,1001439310,-122.80422126487771,49.20340378060244
12730 92 Ave,Robertson Drive Park - Basketball Courts,Games,,,1001439302,-122.87047348989596,49.16894773087243
2440 128 St,Crescent Park School Grounds - Tennis Courts,Tennis,http://www.surrey.ca/culture-recreation/2189.aspx,,1001439373,-122.86482546868803,49.04734804207855
5850 146 St,Goldstone Park - Tennis Courts,Tennis,,,1001439407,-122.81535420527584,49.10851123758093
15802 80 Ave,Fleetwood Park - Tennis Courts,Tennis,http://www.surrey.ca/culture-recreation/2113.aspx,,1001439327,-122.78027819650887,49.146638229895245
10706 148 St,Holly Park - Basketball - Half Courts,Games,,,1001439307,-122.81042561673176,49.1971519104012
10706 148 St,Holly Park - Lacrosse Box Courts,Lacrosse Box,http://www.surrey.ca/culture-recreation/2131.aspx,,1001439308,-122.8099603457857,49.19715744251611
14875 108A Ave,Riverside Park - Basketball Courts,Games,,,1001439309,-122.81014673865849,49.201337690446785
10588 160 St,Fraser Heights Park - Tennis Courts,Tennis,http://www.surrey.ca/culture-recreation/Sports.aspx,,1001439313,-122.77476988025197,49.19850986317401
12160 Beecher St,Crescent Beach - Volleyball Courts,Volleyball,,,1001439367,-122.886754285353,49.05724464960211
7395 128 St,Newton Athletic Park - Volleyball Courts,Volleyball,,,1001743629,-122.86922064935032,49.13568394180648
7395 128 St,Newton Athletic Park - Volleyball Courts,Volleyball,,,1001743630,-122.86938548400121,49.13568107908687
7676 122 St,Strawberry Hill Park - Volleyball Courts,Volleyball,,,1001935124,-122.88403539052258,49.14283557348548
6998 148 St,T.E. Scott Elementary School Park - Volleyball Courts,Volleyball,,,1001942820,-122.81160804127491,49.130084783122705
15434 Kildare Dr,Kettle Crescent Park - Volleyball Courts,Volleyball,,,1001942830,-122.79526116575767,49.11042580761294
7017 122 St,Kabaddi Park - Volleyball Courts,Volleyball,,,1002307490,-122.8887919470967,49.13091412907242
1925 148 St,South Surrey Athletic Park - Tennis Courts,Tennis,http://www.surrey.ca/culture-recreation/2215.aspx,,1001439380,-122.81827682001511,49.04098400861513
1925 148 St,South Surrey Athletic Park - Tennis Courts,Tennis,http://www.surrey.ca/culture-recreation/2215.aspx,,1001439381,-122.81807780213632,49.04098293044041
6188 176 STREET,Cloverdale Recreation Centre,Seniors Centre,http://www.surrey.ca/culture-recreation/5030.aspx,,1001356175,-122.7339210023088,49.11524531546162
12161 72 AVENUE,Cineplex Odeon Strawberry Hill Cinemas                                                                                          ,Movie Theatre,http://www.cineplex.com/Theatres/TheatreDetails/Cineplex-Odeon-Strawberry-Hill-Cinemas.aspx,,1001317216,-122.88723193330542,49.13591846255459
10153 KING GEORGE BOULEVARD,B.C. Surrey Passport Office                                                                                                     ,Other,http://www.ppt.gc.ca/service/index.aspx?lang=eng&city=Surrey&province=BC&chkPPTC=on&chkCPC=on&chkSCC=on,Private,1001350568,-122.84931413505572,49.18628623008907
13450 102 AVENUE,Surrey Visitor Centre                                                                                                           ,Other,http://www.tourismsurrey.com/,Tourism,1001350568,-122.84945136647383,49.186286409055555
1815 152 STREET,South Surrey RCMP District Office                                                                                               ,RCMP,http://www.surreyrcmp.ca,,1001335477,-122.80165249191386,49.03518532618147
1815 152 STREET,Semiahmoo Library                                                                                                               ,Library,http://www.surreylibraries.ca/location-hours/4680.aspx,,1001335477,-122.80178930686418,49.03518556124935
13479 76 AVENUE,TREES Program                                                                                                                   ,School,http://www.pcrs.ca/trees,Programs and Services,1001274175,-122.84909593796074,49.14150441699427
13479 76 AVENUE,KEY (Knowledge Education for Youth) Program                                                                                     ,School,https://www.surreyschools.ca/Lists/SD36.Intranet.Mobile.Connect-SchoolInfo/DispForm.aspx?ID=175,Programs and Services,1001274175,-122.84923304568758,49.141504596100475
12870 72 AVENUE,Newton Adult Education Centre                                                                                                   ,School,https://www.surreyschools.ca/schools/newtonadulted/Pages/default.aspx,Adult/Continuing Education,1001249683,-122.86567858825825,49.1319947932348
12870 72 AVENUE,B.C.I.T. Surrey Campus                                                                                                          ,School,http://www.bcit.ca,Post-Secondary,1001249683,-122.86581566985737,49.13199495262774
17857 56 AVENUE,Cloverdale Traditional                                                                                                          ,School,https://www.surreyschools.ca/schools/cloverdaletraditional/Pages/default.aspx,District Program School,1001302403,-122.72797342569315,49.10474988565606
15225 98 AVENUE,Mountainview Montessori                                                                                                         ,School,https://www.surreyschools.ca/schools/mountainview/Pages/default.aspx,District Program School,1001314522,-122.79988882741604,49.18087843593359
9457 KING GEORGE BOULEVARD,Queen Elizabeth Adult Education Centre                                                                                          ,School,https://www.surreyschools.ca/schools/queenelizabethadulted/Pages/default.aspx,Adult/Continuing Education,1001264552,-122.84732863095921,49.174565866908814
19233 60 AVENUE,Surrey Connect                                                                                                                  ,School,http://www.surreyconnect.sd36.bc.ca/Pages/Default.aspx,Adult/Continuing Education,1001283054,-122.68983185255156,49.112046017165035
13750 96 AVENUE,Adolescent Psychiatric Unit                                                                                                     ,School,https://www.surreyschools.ca/Lists/SD36.Intranet.Mobile.Connect-SchoolInfo/DispForm.aspx?ID=169&ContentTypeId=0x01008935B4D1A3A74123832C0CD477EA78DC008DCAAC7B16453A4B9F8E89C66C27E7FE,Programs and Services,1001253734,-122.84240567019084,49.175891227583804
2381 KING GEORGE BOULEVARD,Hollywood Cinema Carprice                                                                                                       ,Movie Theatre,http://www.hollywood3.ca/listings/caprice-white-rock/,,1001243400,-122.79432968582162,49.045022724633704
"Cloverdale Fairgrounds - Products Building/Alice McKay, 6060 176 ST ",Fairgrounds - Products Building                                                                                                 ,Community Hall/Centre,http://www.cloverdalerodeo.com/facilities-and-events/,,1001222972,-122.73419105703438,49.112881033324086
"Cloverdale Fairgrounds - Products Building/Alice McKay, 6060 176 ST ",Fairgrounds - Area Lighting/Infrastructure                                                                                      ,Community Hall/Centre,http://www.cloverdalerodeo.com/facilities-and-events/,,1001222972,-122.73432808486271,49.11288134873594
10950 126A ST,North Surrey Sport & Ice Complex,Arena,https://www.surrey.ca/culture-recreation/23437.aspx,,1002167455,-122.87037038922415,49.20176645265829
6228 184 STREET,Don Christian Recreation Centre,Youth Centre,http://www.surrey.ca/youth/108.aspx,,1001222973,-122.71125398255117,49.115525334247884
6250 144 STREET,Bell Performing Arts Centre                                                                                                     ,Attraction,http://www.bellperformingartscentre.sd36.bc.ca/,Secondary,1001270687,-122.82147617353361,49.116431043958094
7125 138 STREET,Hollywood 3 Cinemas                                                                                                             ,Movie Theatre,http://www.hollywood3.ca/listings/surrey/,,1001247352,-122.8406191876168,49.131912269996654
10350 UNIVERSITY DRIVE,Surrey Public Library Administration Office                                                                                     ,Library,http://www.surrey.ca/city-government/5019.aspx,,1001223090,-122.84925780706314,49.19070007685867
15105 105 AVENUE,Guildford Seniors Centre                                                                                                        ,Seniors Centre,http://www.surrey.ca/culture-recreation/1876.aspx,,1001222939,-122.80257877742136,49.193908554244075
15105 105 AVENUE,Guildford Youth Centre                                                                                                          ,Youth Centre,http://www.surrey.ca/youth/105.aspx,,1001222939,-122.80256505220528,49.19390853078263
15105 105 AVENUE,Library Technical Services                                                                                                      ,Library,http://www.surreylibraries.ca/location-hours/4672.aspx,,1001222939,-122.80255132698922,49.19390850731954
15105 105 AVENUE,Guildford Library                                                                                                               ,Library,http://www.surreylibraries.ca/location-hours/4672.aspx,,1001222939,-122.8027160295831,49.1939087887689
6840 KING GEORGE BOULEVARD,Lee School                                                                                                                      ,School,http://www.options.bc.ca/youth-services/options-for-schools,Programs and Services,1001251902,-122.84444729335485,49.12696685699628
6840 KING GEORGE BOULEVARD,PLEA (Daughters and Sisters) and TREK programs                                                                                  ,School,http://www.gofoundations.ca/contact,Programs and Services,1001251902,-122.84458436096446,49.12696704158236
16555 FRASER HIGHWAY,Surrey Sport and Leisure Complex Indoor Pool                                                                                    ,Swimming Pool,http://www.surrey.ca/culture-recreation/1888.aspx,,1001222990,-122.76449014018075,49.15299260350762
16555 FRASER HIGHWAY,Surrey Sport and Leisure Complex Retail                                                                                         ,Recreation Centre,http://www.surrey.ca/culture-recreation/4838.aspx,,1001222990,-122.76447642630635,49.15299257553698
16555 FRASER HIGHWAY,Surrey Sport and Leisure Complex Arena                                                                                          ,Arena,http://www.surrey.ca/culture-recreation/4838.aspx,,1001222990,-122.76462727892597,49.15299288312449
13742 72 AVENUE,Library Administration Office                                                                                                   ,Library,http://www.surreylibraries.ca/location-hours/4994.aspx,,1001223008,-122.84206482583737,49.13297017051037
13730 72 AVENUE,Newton Youth Centre                                                                                                             ,Youth Centre,http://www.surrey.ca/youth/104.aspx,,1001223008,-122.84205111742301,49.132970151758286
13730 72 AVENUE,Newton Community Hall                                                                                                           ,Community Hall/Centre,http://www.surrey.ca/culture-recreation/7325.aspx,,1001223008,-122.84203740900868,49.132970133004584
13730 72 AVENUE,Newton Indoor Wave Pool                                                                                                         ,Swimming Pool,http://www.surrey.ca/culture-recreation/7325.aspx,,1001223008,-122.84220190998167,49.132970357941616
13479 77 AVENUE,FASTRAK & Foundations Program                                                                                                   ,School,http://www.surreyconnect.sd36.bc.ca/Pages/Default.aspx,Programs and Services,1001252893,-122.84835277906843,49.14317456554344
10707 146 STREET,HOPE (Helping Others Provide Education) program                                                                                 ,School,https://www.surreyschools.ca/schools/guildfordpark/About/ContactInfo/Pages/default.aspx,Programs and Services,1001318845,-122.81856973553816,49.19702020393528
15996 84 AVENUE,Fleetwood Library                                                                                                               ,Library,http://www.surreylibraries.ca/location-hours/4678.aspx,,1001222980,-122.77964242203025,49.15504996928127
10275 CITY PARKWAY,North Surrey Arena                                                                                                              ,Arena,http://www.surrey.ca/culture-recreation/1810.aspx,,1001222926,-122.84882065832444,49.189662283574634
10275 CITY PARKWAY,North Surrey Indoor Pool                                                                                                        ,Swimming Pool,http://www.surrey.ca/culture-recreation/1749.aspx,,1001222926,-122.84895789907677,49.18966246313651
14601 20 AVENUE,South Surrey Youth Centre                                                                                                       ,Youth Centre,http://www.surrey.ca/youth/107.aspx,,1001222968,-122.81840845261154,49.03999597876754
14727 108 AVENUE,LINKS Program                                                                                                                   ,School,http://www.pcrs.ca/links,Programs and Services,1001233294,-122.81439779929097,49.19933032928554
14727 108 AVENUE,Guildford Bottle Depot 2001                                                                                                     ,Garbage and Recycling,http://www.return-it.ca/locations/guildford-bottle-depot/,Bottle Depot,1001233294,-122.81453506654987,49.19933054978302
13875 113 AVENUE,Surrey Traditional                                                                                                              ,School,https://www.surreyschools.ca/schools/surreytraditional/Pages/default.aspx,District Program School,1001249963,-122.83783672223788,49.20829328165333
12772 88 AVENUE,Aboriginal Ed Continuance Hospital & Homebound Programs                                                                         ,School,https://www.surreyschools.ca/departments/EDSC/StudentSupport/HospitalHomebound/Pages/default.aspx,Programs and Services,1001343214,-122.8686317801824,49.162115686112095
1785 148 STREET,South Surrey/White Rock Continuing Education                                                                                    ,School,https://www.surreyschools.ca/schools/whiterocklc/Pages/default.aspx,Adult/Continuing Education,1001322589,-122.8135175187588,49.034938227805846
1732 152 STREET,Hollywood Cinemas Rialto                                                                                                        ,Movie Theatre,http://www.hollywood3.ca/listings/rialto-white-rock/,,1001229363,-122.80054529533999,49.033425088184025
15372 94 AVENUE,Child Day Treatment Outreach Program                                                                                            ,School,https://www.surreyschools.ca/Lists/SD36.Intranet.Mobile.Connect-SchoolInfo/DispForm.aspx?ID=170&ContentTypeId=0x01008935B4D1A3A74123832C0CD477EA78DC008DCAAC7B16453A4B9F8E89C66C27E7FE,Programs and Services,1001293492,-122.79664567951323,49.17282581365252
13458 107A AVENUE,Sunrise Pavilion Seniors Centre                                                                                                 ,Seniors Centre,http://www.surrey.ca/culture-recreation/1792.aspx,,1001222918,-122.84914259530048,49.19692247383515
14225 GREEN TIMBERS WAY,Surrey Nature Centre Classroom Building                                                                                         ,Attraction,http://www.surrey.ca/culture-recreation/2311.aspx,,1001223012,-122.83019761691156,49.17926889598951
14033 92 AVENUE,Surrey Connect (K-12)                                                                                                           ,School,http://www.surreyconnect.sd36.bc.ca/Pages/Default.aspx,Secondary,1001262908,-122.8336044243957,49.17061490186851
14033 92 AVENUE,North Surrey Learning Centre                                                                                                    ,School,https://www.surreyschools.ca/schools/northsurreylc/Pages/default.aspx,Adult/Continuing Education,1001262908,-122.8337416123896,49.170615099455425
7443 128 STREET,Scott 72 Bottle & Return-It Depot                                                                                               ,Garbage and Recycling,https://www.return-it.ca/locations/scott-72-bottle-return-it-depot/,Bottle Depot,1001266315,-122.86906322453574,49.14355241677923
7443 128 STREET,Binaka Auto                                                                                                                     ,Garbage and Recycling,http://www.binakaauto.com/,Used Oil,1001266315,-122.86920033803015,49.14355257218052
13750 88 Avenue,Studio Theatre at Surrey Arts Centre,Attraction,https://www.surrey.ca/culture-recreation/1635.aspx,Tourism,1001222954,-122.84204132497462,49.162394482037335
13750 88 Avenue,Main Stage at Surrey Arts Centre,Attraction,http://www.surrey.ca/culture-recreation/1629.aspx,Tourism,1001222954,-122.84202760844046,49.16239446327423
13750 88 Avenue,Surrey Art Gallery,Attraction,http://www.surrey.ca/culture-recreation/1537.aspx,Tourism,1001222954,-122.8421784903172,49.16239466957875